strategy,strategyId,trader
Cn.Com.60B.Pattern@CnCom.Id002022.E,China.Commodities.Id002022E,DLi@192.168.1.29@20001
Cn.Com.60B.Pattern@CnCom.Id002022.E,China.Commodities.Id002022E,DLj@192.168.1.29@20002
Cn.Com.60B.Pattern@CnCom.Id002022.E,China.Commodities.Id002022E,DLjm@192.168.1.29@20003
Cn.Com.60B.Pattern@CnCom.Id002022.E,China.Commodities.Id002022E,DLl@192.168.1.29@20004
Cn.Com.60B.Pattern@CnCom.Id002022.E,China.Commodities.Id002022E,DLm@192.168.1.29@20005
Cn.Com.60B.Pattern@CnCom.Id002022.E,China.Commodities.Id002022E,DLp@192.168.1.29@20006
Cn.Com.60B.Pattern@CnCom.Id002022.E,China.Commodities.Id002022E,DLpp@192.168.1.29@20007
Cn.Com.60B.Pattern@CnCom.Id002022.E,China.Commodities.Id002022E,SQal@192.168.1.29@20008
Cn.Com.60B.Pattern@CnCom.Id002022.E,China.Commodities.Id002022E,SQau2@192.168.1.29@20009
Cn.Com.60B.Pattern@CnCom.Id002022.E,China.Commodities.Id002022E,SQbu@192.168.1.29@20010
Cn.Com.60B.Pattern@CnCom.Id002022.E,China.Commodities.Id002022E,SQrb@192.168.1.29@20011
Cn.Com.60B.Pattern@CnCom.Id002022.E,China.Commodities.Id002022E,ZZCF@192.168.1.29@20012
Cn.Com.60B.Pattern@CnCom.Id002022.E,China.Commodities.Id002022E,ZZMA@192.168.1.29@20013
Cn.Com.60B.Pattern@CnCom.Id002022.E,China.Commodities.Id002022E,ZZTC@192.168.1.29@20014
Cn.Com.60B.Pattern@CnCom.X.T2N,China.Commodities.Pattern.T2N,DLbb@192.168.1.29@20201
Cn.Com.60B.Pattern@CnCom.X.T2N,China.Commodities.Pattern.T2N,DLcs@192.168.1.29@20202
Cn.Com.60B.Pattern@CnCom.X.T2N,China.Commodities.Pattern.T2N,DLj@192.168.1.29@20203
Cn.Com.60B.Pattern@CnCom.X.T2N,China.Commodities.Pattern.T2N,DLjd@192.168.1.29@20204
Cn.Com.60B.Pattern@CnCom.X.T2N,China.Commodities.Pattern.T2N,DLjm@192.168.1.29@20205
Cn.Com.60B.Pattern@CnCom.X.T2N,China.Commodities.Pattern.T2N,DLpp@192.168.1.29@20206
Cn.Com.60B.Pattern@CnCom.X.T2N,China.Commodities.Pattern.T2N,SQal@192.168.1.29@20207
Cn.Com.60B.Pattern@CnCom.X.T2N,China.Commodities.Pattern.T2N,SQau2@192.168.1.29@20208
Cn.Com.60B.Pattern@CnCom.X.T2N,China.Commodities.Pattern.T2N,SQbu@192.168.1.29@20209
Cn.Com.60B.Pattern@CnCom.X.T2N,China.Commodities.Pattern.T2N,SQcu@192.168.1.29@20210
Cn.Com.60B.Pattern@CnCom.X.T2N,China.Commodities.Pattern.T2N,SQhc@192.168.1.29@20211
Cn.Com.60B.Pattern@CnCom.X.T2N,China.Commodities.Pattern.T2N,SQni@192.168.1.29@20212
Cn.Com.60B.Pattern@CnCom.X.T2N,China.Commodities.Pattern.T2N,SQrb@192.168.1.29@20213
Cn.Com.60B.Pattern@CnCom.X.T2N,China.Commodities.Pattern.T2N,SQru@192.168.1.29@20214
Cn.Com.60B.Pattern@CnCom.X.T2N,China.Commodities.Pattern.T2N,SQsn@192.168.1.29@20215
Cn.Com.60B.Pattern@CnCom.X.T2N,China.Commodities.Pattern.T2N,ZZCF@192.168.1.29@20216
Cn.Com.60B.Pattern@CnCom.X.T2N,China.Commodities.Pattern.T2N,ZZJR@192.168.1.29@20217
Cn.Com.60B.Pattern@CnCom.X.T2N,China.Commodities.Pattern.T2N,ZZMA@192.168.1.29@20218
Cn.Com.60B.Pattern@CnCom.X.T2N,China.Commodities.Pattern.T2N,ZZOI@192.168.1.29@20219
Cn.Com.60B.Pattern@CnCom.X.T2N,China.Commodities.Pattern.T2N,ZZRS@192.168.1.29@20220
Cn.Com.60B.Pattern@CnCom.X.T2N,China.Commodities.Pattern.T2N,ZZSM@192.168.1.29@20221
Cn.Com.60B.Pattern@CnCom.X.T2N,China.Commodities.Pattern.T2N,ZZSR@192.168.1.29@20222
Cn.Com.60B.Pattern@CnCom.X.T2N,China.Commodities.Pattern.T2N,ZZTA@192.168.1.29@20223
Cn.Com.60B.Pattern@CnCom.X.T2N,China.Commodities.Pattern.T2N,ZZTC@192.168.1.29@20224
Cn.Com.U16.Pattern@CnCom.Id002031.A,CnCom.Id002031.A,DLa@192.168.1.29@20401
Cn.Com.U16.Pattern@CnCom.Id002031.A,CnCom.Id002031.A,DLj@192.168.1.29@20402
Cn.Com.U16.Pattern@CnCom.Id002031.A,CnCom.Id002031.A,DLjd@192.168.1.29@20403
Cn.Com.U16.Pattern@CnCom.Id002031.A,CnCom.Id002031.A,DLjm@192.168.1.29@20404
Cn.Com.U16.Pattern@CnCom.Id002031.A,CnCom.Id002031.A,DLl@192.168.1.29@20405
Cn.Com.U16.Pattern@CnCom.Id002031.A,CnCom.Id002031.A,DLm@192.168.1.29@20406
Cn.Com.U16.Pattern@CnCom.Id002031.A,CnCom.Id002031.A,DLp@192.168.1.29@20407
Cn.Com.U16.Pattern@CnCom.Id002031.A,CnCom.Id002031.A,DLv@192.168.1.29@20408
Cn.Com.U16.Pattern@CnCom.Id002031.A,CnCom.Id002031.A,DLy@192.168.1.29@20409
Cn.Com.U16.Pattern@CnCom.Id002031.A,CnCom.Id002031.A,SQag@192.168.1.29@20410
Cn.Com.U16.Pattern@CnCom.Id002031.A,CnCom.Id002031.A,SQal@192.168.1.29@20411
Cn.Com.U16.Pattern@CnCom.Id002031.A,CnCom.Id002031.A,SQau2@192.168.1.29@20412
Cn.Com.U16.Pattern@CnCom.Id002031.A,CnCom.Id002031.A,SQbu@192.168.1.29@20413
Cn.Com.U16.Pattern@CnCom.Id002031.A,CnCom.Id002031.A,SQcu@192.168.1.29@20414
Cn.Com.U16.Pattern@CnCom.Id002031.A,CnCom.Id002031.A,SQpb@192.168.1.29@20415
Cn.Com.U16.Pattern@CnCom.Id002031.A,CnCom.Id002031.A,SQrb@192.168.1.29@20416
Cn.Com.U16.Pattern@CnCom.Id002031.A,CnCom.Id002031.A,SQru@192.168.1.29@20417
Cn.Com.U16.Pattern@CnCom.Id002031.A,CnCom.Id002031.A,SQzn@192.168.1.29@20418
Cn.Com.U16.Pattern@CnCom.Id002031.A,CnCom.Id002031.A,ZZCF@192.168.1.29@20419
Cn.Com.U16.Pattern@CnCom.Id002031.A,CnCom.Id002031.A,ZZMA@192.168.1.29@20420
Cn.Com.U16.Pattern@CnCom.Id002031.A,CnCom.Id002031.A,ZZOI@192.168.1.29@20421
Cn.Com.U16.Pattern@CnCom.Id002031.A,CnCom.Id002031.A,ZZRM@192.168.1.29@20422
Cn.Com.U16.Pattern@CnCom.Id002031.A,CnCom.Id002031.A,ZZSR@192.168.1.29@20423
Cn.Com.U16.Pattern@CnCom.Id007102.C,Cn.Com.U16.Pattern@CnCom.Id007102.C,DLpp@192.168.1.29@20601
Cn.Com.U16.Pattern@CnCom.Id007102.C,Cn.Com.U16.Pattern@CnCom.Id007102.C,DLv@192.168.1.29@20602
Cn.Com.U16.Pattern@CnCom.Id007102.C,Cn.Com.U16.Pattern@CnCom.Id007102.C,SQru@192.168.1.29@20603
Cn.Com.U16.Pattern@CnCom.Id007103.CAPM_A_M,Cn.Com.U16.Pattern@CnCom.Id007103.CAPM_A_M,DLm@192.168.1.29@20801
Cn.Com.U16.Pattern@CnCom.Id007103.CAPM_A_M,Cn.Com.U16.Pattern@CnCom.Id007103.CAPM_A_M,DLy@192.168.1.29@20802
Cn.Com.U16.Pattern@CnCom.Id007103.CAPM_A_M,Cn.Com.U16.Pattern@CnCom.Id007103.CAPM_A_M,ZZCF@192.168.1.29@20803
Cn.Com.U16.Pattern@CnCom.Id007103.CAPM_A_M,Cn.Com.U16.Pattern@CnCom.Id007103.CAPM_A_M,ZZOI@192.168.1.29@20804
Cn.Com.U16.Pattern@CnCom.Id007103.CAPM_A_P,Cn.Com.U16.Pattern@CnCom.Id007103.CAPM_A_P,DLm@192.168.1.29@21001
Cn.Com.U16.Pattern@CnCom.Id007103.CAPM_A_P,Cn.Com.U16.Pattern@CnCom.Id007103.CAPM_A_P,DLy@192.168.1.29@21002
Cn.Com.U16.Pattern@CnCom.Id007103.CAPM_A_P,Cn.Com.U16.Pattern@CnCom.Id007103.CAPM_A_P,ZZCF@192.168.1.29@21003
Cn.Com.U16.Pattern@CnCom.Id007103.CAPM_B_M,Cn.Com.U16.Pattern@CnCom.Id007103.CAPM_B_M,ZZTC@192.168.1.29@21201
Cn.Com.U16.Pattern@CnCom.Id007103.CAPM_C_C,Cn.Com.U16.Pattern@CnCom.Id007103.CAPM_C_C,DLv@192.168.1.29@21401
Cn.Com.U16.Pattern@CnCom.Id007103.CAPM_C_C,Cn.Com.U16.Pattern@CnCom.Id007103.CAPM_C_C,SQbu@192.168.1.29@21402
Cn.Com.U16.Pattern@CnCom.Id007103.CAPM_C_C,Cn.Com.U16.Pattern@CnCom.Id007103.CAPM_C_C,ZZMA@192.168.1.29@21403
Cn.Com.U16.Pattern@CnCom.Id007103.CAPM_C_P,Cn.Com.U16.Pattern@CnCom.Id007103.CAPM_C_P,DLl@192.168.1.29@21601
Cn.Com.U16.Pattern@CnCom.Id007103.CAPM_C_P,Cn.Com.U16.Pattern@CnCom.Id007103.CAPM_C_P,DLv@192.168.1.29@21602
Cn.Com.U16.Pattern@CnCom.Id007103.CAPM_C_P,Cn.Com.U16.Pattern@CnCom.Id007103.CAPM_C_P,SQbu@192.168.1.29@21603
Cn.Com.U16.Pattern@CnCom.Id007103.CAPM_C_P,Cn.Com.U16.Pattern@CnCom.Id007103.CAPM_C_P,SQru@192.168.1.29@21604
Cn.Com.U16.Pattern@CnCom.Id007103.CAPM_C_P,Cn.Com.U16.Pattern@CnCom.Id007103.CAPM_C_P,ZZTA@192.168.1.29@21605
Cn.Com.U16.Pattern@CnCom.Id007103.CAPM_M_M,Cn.Com.U16.Pattern@CnCom.Id007103.CAPM_M_M,SQag@192.168.1.29@21801
Cn.Com.U16.Pattern@CnCom.Id007104.C_B,Cn.Com.U16.Pattern@CnCom.Id007104.C_B,SQhc@192.168.1.29@22001
Cn.Com.U16.Pattern@CnCom.Id007104.C_C,Cn.Com.U16.Pattern@CnCom.Id007104.C_C,SQru@192.168.1.29@22201
Cn.Com.U16.Pattern@CnCom.Id007104.C_C,Cn.Com.U16.Pattern@CnCom.Id007104.C_C,ZZFG@192.168.1.29@22202
Cn.Com.U16.Pattern@CnCom.Id007104.C_M,Cn.Com.U16.Pattern@CnCom.Id007104.C_M,SQau2@192.168.1.29@22401
Cn.Com.U16.Pattern@CnCom.Id007104.C_M,Cn.Com.U16.Pattern@CnCom.Id007104.C_M,SQhc@192.168.1.29@22402
Cn.Com.U16.Pattern@CnCom.Id007104.C_M,Cn.Com.U16.Pattern@CnCom.Id007104.C_M,SQni@192.168.1.29@22403
Cn.Com.U16.Pattern@CnCom.Id007104.C_M,Cn.Com.U16.Pattern@CnCom.Id007104.C_M,SQsn@192.168.1.29@22404
Cn.Com.U16.Pattern@CnCom.Id007112.M_C,Cn.Com.U16.Pattern@CnCom.Id007112.M_C,DLl@192.168.1.29@22601
Cn.Com.U16.Pattern@CnCom.Id007112.M_C,Cn.Com.U16.Pattern@CnCom.Id007112.M_C,DLpp@192.168.1.29@22602
Cn.Com.U16.Pattern@CnCom.Id007112.M_C,Cn.Com.U16.Pattern@CnCom.Id007112.M_C,SQbu@192.168.1.29@22603
Cn.Com.U16.Pattern@CnCom.Id007112.M_C,Cn.Com.U16.Pattern@CnCom.Id007112.M_C,SQru@192.168.1.29@22604
Cn.Com.U16.Pattern@CnCom.Id007112.M_C,Cn.Com.U16.Pattern@CnCom.Id007112.M_C,ZZFG@192.168.1.29@22605
Cn.Com.U16.Pattern@CnCom.Id007112.M_C,Cn.Com.U16.Pattern@CnCom.Id007112.M_C,ZZMA@192.168.1.29@22606
Cn.Com.U16.Pattern@CnCom.Id007112.M_C,Cn.Com.U16.Pattern@CnCom.Id007112.M_C,ZZTA@192.168.1.29@22607
Cn.Com.U16.Pattern@CnCom.Id007122.A,Cn.Com.U16.Pattern@CnCom.Id007122.A,DLcs@192.168.1.29@22801
Cn.Com.U16.Pattern@CnCom.Id007122.A,Cn.Com.U16.Pattern@CnCom.Id007122.A,DLjd@192.168.1.29@22802
Cn.Com.U16.Pattern@CnCom.Id007122.A,Cn.Com.U16.Pattern@CnCom.Id007122.A,DLp@192.168.1.29@22803
Cn.Com.U16.Pattern@CnCom.Id007122.A,Cn.Com.U16.Pattern@CnCom.Id007122.A,DLy@192.168.1.29@22804
Cn.Com.U16.Pattern@CnCom.Id007122.A,Cn.Com.U16.Pattern@CnCom.Id007122.A,ZZCF@192.168.1.29@22805
Cn.Com.U16.Pattern@CnCom.Id007122.A,Cn.Com.U16.Pattern@CnCom.Id007122.A,ZZOI@192.168.1.29@22806
Cn.Com.U16.Pattern@CnCom.Id007122.A,Cn.Com.U16.Pattern@CnCom.Id007122.A,ZZSR@192.168.1.29@22807
Cn.Com.U16.Pattern@CnCom.Id007122.M,Cn.Com.U16.Pattern@CnCom.Id007122.M,SQag@192.168.1.29@23001
Cn.Com.U16.Pattern@CnCom.Id007122.M,Cn.Com.U16.Pattern@CnCom.Id007122.M,SQal@192.168.1.29@23002
Cn.Com.U16.Pattern@CnCom.Id007122.M,Cn.Com.U16.Pattern@CnCom.Id007122.M,SQcu@192.168.1.29@23003
Cn.Com.U16.Pattern@CnCom.Id007122.M,Cn.Com.U16.Pattern@CnCom.Id007122.M,SQhc@192.168.1.29@23004
Cn.Com.U16.Pattern@CnCom.Id007122.M,Cn.Com.U16.Pattern@CnCom.Id007122.M,SQni@192.168.1.29@23005
Cn.Com.U16.Pattern@CnCom.Id007122.M,Cn.Com.U16.Pattern@CnCom.Id007122.M,SQpb@192.168.1.29@23006
Cn.Com.U16.Pattern@CnCom.Id007122.M,Cn.Com.U16.Pattern@CnCom.Id007122.M,SQrb@192.168.1.29@23007
Cn.Com.U16.Pattern@CnCom.Id007122.M,Cn.Com.U16.Pattern@CnCom.Id007122.M,SQzn@192.168.1.29@23008
Cn.Com.U16.Pattern@CnCom.Id007123.B,Cn.Com.U16.Pattern@CnCom.Id007123.B,DLjm@192.168.1.29@23201
Cn.Com.U16.Pattern@CnCom.Id007123.B,Cn.Com.U16.Pattern@CnCom.Id007123.B,DLj@192.168.1.29@23202
Cn.Com.U16.Pattern@CnCom.Id007123.B,Cn.Com.U16.Pattern@CnCom.Id007123.B,SQhc@192.168.1.29@23203
Cn.Com.U16.Pattern@CnCom.Id007123.B,Cn.Com.U16.Pattern@CnCom.Id007123.B,SQrb@192.168.1.29@23204
Cn.Com.U16.Pattern@CnCom.Id007123.B,Cn.Com.U16.Pattern@CnCom.Id007123.B,ZZSM@192.168.1.29@23205
Cn.Com.U16.Pattern@CnCom.Id007123.B,Cn.Com.U16.Pattern@CnCom.Id007123.B,ZZTC@192.168.1.29@23206
Cn.Com.U16.Pattern@CnCom.Id007123.M_C,Cn.Com.U16.Pattern@CnCom.Id007123.M_C,DLl@192.168.1.29@23401
Cn.Com.U16.Pattern@CnCom.Id007123.M_C,Cn.Com.U16.Pattern@CnCom.Id007123.M_C,DLpp@192.168.1.29@23402
Cn.Com.U16.Pattern@CnCom.Id007123.M_C,Cn.Com.U16.Pattern@CnCom.Id007123.M_C,SQbu@192.168.1.29@23403
Cn.Com.U16.Pattern@CnCom.Id007123.M_C,Cn.Com.U16.Pattern@CnCom.Id007123.M_C,SQru@192.168.1.29@23404
Cn.Com.U16.Pattern@CnCom.Id007123.M_C,Cn.Com.U16.Pattern@CnCom.Id007123.M_C,ZZMA@192.168.1.29@23405
Cn.Com.U16.Pattern@CnCom.Id007123.M_C,Cn.Com.U16.Pattern@CnCom.Id007123.M_C,ZZTA@192.168.1.29@23406
Cn.Com.U16.Pattern@CnCom.Id007124.C,Cn.Com.U16.Pattern@CnCom.Id007124.C,DLpp@192.168.1.29@23601
Cn.Com.U16.Pattern@CnCom.Id007124.C,Cn.Com.U16.Pattern@CnCom.Id007124.C,SQru@192.168.1.29@23602
Cn.Com.U16.Pattern@CnCom.Id007124.C,Cn.Com.U16.Pattern@CnCom.Id007124.C,ZZMA@192.168.1.29@23603
Cn.Com.U16.Pattern@CnCom.Id007124.M,Cn.Com.U16.Pattern@CnCom.Id007124.M,SQal@192.168.1.29@23801
Cn.Com.U16.Pattern@CnCom.Id007124.M,Cn.Com.U16.Pattern@CnCom.Id007124.M,SQcu@192.168.1.29@23802
Cn.Com.U16.Pattern@CnCom.Id007124.M,Cn.Com.U16.Pattern@CnCom.Id007124.M,SQni@192.168.1.29@23803
Cn.Com.U18.Pattern@CnCom.Id002033.02,Cn.Com.U18.Pattern@CnCom.Id002033.02,DLa@192.168.1.29@24001
Cn.Com.U18.Pattern@CnCom.Id002033.02,Cn.Com.U18.Pattern@CnCom.Id002033.02,DLc@192.168.1.29@24002
Cn.Com.U18.Pattern@CnCom.Id002033.02,Cn.Com.U18.Pattern@CnCom.Id002033.02,DLl@192.168.1.29@24003
Cn.Com.U18.Pattern@CnCom.Id002033.02,Cn.Com.U18.Pattern@CnCom.Id002033.02,DLm@192.168.1.29@24004
Cn.Com.U18.Pattern@CnCom.Id002033.02,Cn.Com.U18.Pattern@CnCom.Id002033.02,DLp@192.168.1.29@24005
Cn.Com.U18.Pattern@CnCom.Id002033.02,Cn.Com.U18.Pattern@CnCom.Id002033.02,DLy@192.168.1.29@24006
Cn.Com.U18.Pattern@CnCom.Id002033.02,Cn.Com.U18.Pattern@CnCom.Id002033.02,SQal@192.168.1.29@24007
Cn.Com.U18.Pattern@CnCom.Id002033.02,Cn.Com.U18.Pattern@CnCom.Id002033.02,SQau2@192.168.1.29@24008
Cn.Com.U18.Pattern@CnCom.Id002033.02,Cn.Com.U18.Pattern@CnCom.Id002033.02,SQcu@192.168.1.29@24009
Cn.Com.U18.Pattern@CnCom.Id002033.02,Cn.Com.U18.Pattern@CnCom.Id002033.02,SQrb@192.168.1.29@24010
Cn.Com.U18.Pattern@CnCom.Id002033.02,Cn.Com.U18.Pattern@CnCom.Id002033.02,SQru@192.168.1.29@24011
Cn.Com.U18.Pattern@CnCom.Id002033.02,Cn.Com.U18.Pattern@CnCom.Id002033.02,SQzn@192.168.1.29@24012
Cn.Com.U18.Pattern@CnCom.Id002033.02,Cn.Com.U18.Pattern@CnCom.Id002033.02,ZZCF@192.168.1.29@24013
Cn.Com.U18.Pattern@CnCom.Id002033.02,Cn.Com.U18.Pattern@CnCom.Id002033.02,ZZSR@192.168.1.29@24014
Cn.Com.U18.Pattern@CnCom.Id002033.06,Cn.Com.U18.Pattern@CnCom.Id002033.06,DLa@192.168.1.29@24201
Cn.Com.U18.Pattern@CnCom.Id002033.06,Cn.Com.U18.Pattern@CnCom.Id002033.06,DLl@192.168.1.29@24202
Cn.Com.U18.Pattern@CnCom.Id002033.06,Cn.Com.U18.Pattern@CnCom.Id002033.06,DLm@192.168.1.29@24203
Cn.Com.U18.Pattern@CnCom.Id002033.06,Cn.Com.U18.Pattern@CnCom.Id002033.06,DLp@192.168.1.29@24204
Cn.Com.U18.Pattern@CnCom.Id002033.06,Cn.Com.U18.Pattern@CnCom.Id002033.06,DLv@192.168.1.29@24205
Cn.Com.U18.Pattern@CnCom.Id002033.06,Cn.Com.U18.Pattern@CnCom.Id002033.06,SQal@192.168.1.29@24206
Cn.Com.U18.Pattern@CnCom.Id002033.06,Cn.Com.U18.Pattern@CnCom.Id002033.06,SQau2@192.168.1.29@24207
Cn.Com.U18.Pattern@CnCom.Id002033.06,Cn.Com.U18.Pattern@CnCom.Id002033.06,SQcu@192.168.1.29@24208
Cn.Com.U18.Pattern@CnCom.Id002033.06,Cn.Com.U18.Pattern@CnCom.Id002033.06,SQrb@192.168.1.29@24209
Cn.Com.U18.Pattern@CnCom.Id002033.06,Cn.Com.U18.Pattern@CnCom.Id002033.06,SQru@192.168.1.29@24210
Cn.Com.U18.Pattern@CnCom.Id002033.06,Cn.Com.U18.Pattern@CnCom.Id002033.06,ZZCF@192.168.1.29@24211
Cn.Com.U18.Pattern@CnCom.Id002033.06,Cn.Com.U18.Pattern@CnCom.Id002033.06,ZZSR@192.168.1.29@24212
Cn.Com.U18.Pattern@CnCom.Id002033.06,Cn.Com.U18.Pattern@CnCom.Id002033.06,ZZTA@192.168.1.29@24213
Cn.Com.U18.Pattern@CnCom.Id002033.07,Cn.Com.U18.Pattern@CnCom.Id002033.07,DLa@192.168.1.29@24401
Cn.Com.U18.Pattern@CnCom.Id002033.07,Cn.Com.U18.Pattern@CnCom.Id002033.07,DLl@192.168.1.29@24402
Cn.Com.U18.Pattern@CnCom.Id002033.07,Cn.Com.U18.Pattern@CnCom.Id002033.07,DLm@192.168.1.29@24403
Cn.Com.U18.Pattern@CnCom.Id002033.07,Cn.Com.U18.Pattern@CnCom.Id002033.07,DLp@192.168.1.29@24404
Cn.Com.U18.Pattern@CnCom.Id002033.07,Cn.Com.U18.Pattern@CnCom.Id002033.07,SQal@192.168.1.29@24405
Cn.Com.U18.Pattern@CnCom.Id002033.07,Cn.Com.U18.Pattern@CnCom.Id002033.07,SQau2@192.168.1.29@24406
Cn.Com.U18.Pattern@CnCom.Id002033.07,Cn.Com.U18.Pattern@CnCom.Id002033.07,SQcu@192.168.1.29@24407
Cn.Com.U18.Pattern@CnCom.Id002033.07,Cn.Com.U18.Pattern@CnCom.Id002033.07,SQrb@192.168.1.29@24408
Cn.Com.U18.Pattern@CnCom.Id002033.07,Cn.Com.U18.Pattern@CnCom.Id002033.07,ZZCF@192.168.1.29@24409
Cn.Com.U18.Pattern@CnCom.Id002033.07,Cn.Com.U18.Pattern@CnCom.Id002033.07,ZZSR@192.168.1.29@24410
Cn.Com.U18.Pattern@CnCom.Id002033.08,Cn.Com.U18.Pattern@CnCom.Id002033.08,DLm@192.168.1.29@24601
Cn.Com.U18.Pattern@CnCom.Id002033.08,Cn.Com.U18.Pattern@CnCom.Id002033.08,SQal@192.168.1.29@24602
Cn.Com.U18.Pattern@CnCom.Id002033.08,Cn.Com.U18.Pattern@CnCom.Id002033.08,SQrb@192.168.1.29@24603
Cn.Com.U18.Pattern@CnCom.Id002033.09,Cn.Com.U18.Pattern@CnCom.Id002033.09,DLa@192.168.1.29@24801
Cn.Com.U18.Pattern@CnCom.Id002033.09,Cn.Com.U18.Pattern@CnCom.Id002033.09,DLc@192.168.1.29@24802
Cn.Com.U18.Pattern@CnCom.Id002033.09,Cn.Com.U18.Pattern@CnCom.Id002033.09,DLm@192.168.1.29@24803
Cn.Com.U18.Pattern@CnCom.Id002033.09,Cn.Com.U18.Pattern@CnCom.Id002033.09,SQal@192.168.1.29@24804
Cn.Com.U18.Pattern@CnCom.Id002033.09,Cn.Com.U18.Pattern@CnCom.Id002033.09,SQcu@192.168.1.29@24805
Cn.Com.U18.Pattern@CnCom.Id002033.09,Cn.Com.U18.Pattern@CnCom.Id002033.09,SQrb@192.168.1.29@24806
Cn.Com.U18.Pattern@CnCom.Id002033.09,Cn.Com.U18.Pattern@CnCom.Id002033.09,SQzn@192.168.1.29@24807
Cn.Com.U18.Pattern@CnCom.Id002033.09,Cn.Com.U18.Pattern@CnCom.Id002033.09,ZZSR@192.168.1.29@24808
Cn.Com.U18.Pattern@CnCom.Id002033.09,Cn.Com.U18.Pattern@CnCom.Id002033.09,ZZTA@192.168.1.29@24809
Cn.Com.U18.Pattern@CnCom.Id002033.16,Cn.Com.U18.Pattern@CnCom.Id002033.16,SQcu@192.168.1.29@25001
Cn.Com.U18.Pattern@CnCom.Id002033.16,Cn.Com.U18.Pattern@CnCom.Id002033.16,SQru@192.168.1.29@25002
Cn.Com.U18.Pattern@CnCom.Id002033.16,Cn.Com.U18.Pattern@CnCom.Id002033.16,SQzn@192.168.1.29@25003
Cn.Com.U18.Pattern@CnCom.Id002033.18,Cn.Com.U18.Pattern@CnCom.Id002033.18,DLp@192.168.1.29@25201
Cn.Com.U18.Pattern@CnCom.Id002033.18,Cn.Com.U18.Pattern@CnCom.Id002033.18,SQal@192.168.1.29@25202
Cn.Com.U18.Pattern@CnCom.Id002033.18,Cn.Com.U18.Pattern@CnCom.Id002033.18,SQcu@192.168.1.29@25203
Cn.Com.U18.Pattern@CnCom.Id002033.18,Cn.Com.U18.Pattern@CnCom.Id002033.18,SQrb@192.168.1.29@25204
Cn.Com.U18.Pattern@CnCom.Id002033.18,Cn.Com.U18.Pattern@CnCom.Id002033.18,SQru@192.168.1.29@25205
Cn.Com.U18.Pattern@CnCom.Id002033.18,Cn.Com.U18.Pattern@CnCom.Id002033.18,SQzn@192.168.1.29@25206
Cn.Com.U18.Pattern@CnCom.Id002033.18,Cn.Com.U18.Pattern@CnCom.Id002033.18,ZZCF@192.168.1.29@25207
Cn.Com.U18.Pattern@CnCom.Id002033.18,Cn.Com.U18.Pattern@CnCom.Id002033.18,ZZSR@192.168.1.29@25208
Cn.Com.U18.Pattern@CnCom.Id002033.20,Cn.Com.U18.Pattern@CnCom.Id002033.20,DLp@192.168.1.29@25401
Cn.Com.U18.Pattern@CnCom.Id002033.20,Cn.Com.U18.Pattern@CnCom.Id002033.20,SQcu@192.168.1.29@25402
Cn.Com.U18.Pattern@CnCom.Id002033.20,Cn.Com.U18.Pattern@CnCom.Id002033.20,SQru@192.168.1.29@25403
Cn.Com.U18.Pattern@CnCom.Id002033.20,Cn.Com.U18.Pattern@CnCom.Id002033.20,SQzn@192.168.1.29@25404
Cn.Com.U18.Pattern@CnCom.Id002033.20,Cn.Com.U18.Pattern@CnCom.Id002033.20,ZZCF@192.168.1.29@25405
Cn.Com.U18.Pattern@CnCom.Id002033.20,Cn.Com.U18.Pattern@CnCom.Id002033.20,ZZSR@192.168.1.29@25406
Cn.Com.U18.Pattern@CnCom.Id002033.30,Cn.Com.U18.Pattern@CnCom.Id002033.30,DLa@192.168.1.29@25601
Cn.Com.U18.Pattern@CnCom.Id002033.30,Cn.Com.U18.Pattern@CnCom.Id002033.30,DLl@192.168.1.29@25602
Cn.Com.U18.Pattern@CnCom.Id002033.30,Cn.Com.U18.Pattern@CnCom.Id002033.30,DLm@192.168.1.29@25603
Cn.Com.U18.Pattern@CnCom.Id002033.30,Cn.Com.U18.Pattern@CnCom.Id002033.30,DLp@192.168.1.29@25604
Cn.Com.U18.Pattern@CnCom.Id002033.30,Cn.Com.U18.Pattern@CnCom.Id002033.30,DLy@192.168.1.29@25605
Cn.Com.U18.Pattern@CnCom.Id002033.30,Cn.Com.U18.Pattern@CnCom.Id002033.30,SQal@192.168.1.29@25606
Cn.Com.U18.Pattern@CnCom.Id002033.30,Cn.Com.U18.Pattern@CnCom.Id002033.30,SQau2@192.168.1.29@25607
Cn.Com.U18.Pattern@CnCom.Id002033.30,Cn.Com.U18.Pattern@CnCom.Id002033.30,SQrb@192.168.1.29@25608
Cn.Com.U18.Pattern@CnCom.Id002033.30,Cn.Com.U18.Pattern@CnCom.Id002033.30,SQru@192.168.1.29@25609
Cn.Com.U18.Pattern@CnCom.Id002033.30,Cn.Com.U18.Pattern@CnCom.Id002033.30,SQzn@192.168.1.29@25610
Cn.Com.U18.Pattern@CnCom.Id002033.30,Cn.Com.U18.Pattern@CnCom.Id002033.30,ZZCF@192.168.1.29@25611
Cn.Com.U18.Pattern@CnCom.Id002033.30,Cn.Com.U18.Pattern@CnCom.Id002033.30,ZZSR@192.168.1.29@25612
Cn.Com.U18.Pattern@CnCom.Id002033.30,Cn.Com.U18.Pattern@CnCom.Id002033.30,ZZTA@192.168.1.29@25613
Cn.Com.U18.Pattern@CnCom.Id002033.35,Cn.Com.U18.Pattern@CnCom.Id002033.35,DLa@192.168.1.29@25801
Cn.Com.U18.Pattern@CnCom.Id002033.35,Cn.Com.U18.Pattern@CnCom.Id002033.35,DLm@192.168.1.29@25802
Cn.Com.U18.Pattern@CnCom.Id002033.35,Cn.Com.U18.Pattern@CnCom.Id002033.35,DLv@192.168.1.29@25803
Cn.Com.U18.Pattern@CnCom.Id002033.35,Cn.Com.U18.Pattern@CnCom.Id002033.35,DLy@192.168.1.29@25804
Cn.Com.U18.Pattern@CnCom.Id002033.35,Cn.Com.U18.Pattern@CnCom.Id002033.35,SQau2@192.168.1.29@25805
Cn.Com.U18.Pattern@CnCom.Id002033.35,Cn.Com.U18.Pattern@CnCom.Id002033.35,SQcu@192.168.1.29@25806
Cn.Com.U18.Pattern@CnCom.Id002033.35,Cn.Com.U18.Pattern@CnCom.Id002033.35,SQrb@192.168.1.29@25807
Cn.Com.U18.Pattern@CnCom.Id002033.35,Cn.Com.U18.Pattern@CnCom.Id002033.35,SQru@192.168.1.29@25808
Cn.Com.U18.Pattern@CnCom.Id002033.35,Cn.Com.U18.Pattern@CnCom.Id002033.35,SQzn@192.168.1.29@25809
Cn.Com.U18.Pattern@CnCom.Id002033.35,Cn.Com.U18.Pattern@CnCom.Id002033.35,ZZCF@192.168.1.29@25810
Cn.Com.U18.Pattern@CnCom.Id002033.35,Cn.Com.U18.Pattern@CnCom.Id002033.35,ZZOI@192.168.1.29@25811
Cn.Com.U18.Pattern@CnCom.Id002033.35,Cn.Com.U18.Pattern@CnCom.Id002033.35,ZZSR@192.168.1.29@25812
Cn.Com.U18.Pattern@CnCom.Id002033.35,Cn.Com.U18.Pattern@CnCom.Id002033.35,ZZTA@192.168.1.29@25813
Cn.Com.60B.CPA@CnCom.Id107001.7929A,Cn.Com.60B.CPA@CnCom.Id107001.7929A,DLa_DLm@192.168.1.29@26001
Cn.Com.60B.CPA@CnCom.Id107001.7929A,Cn.Com.60B.CPA@CnCom.Id107001.7929A,DLa_DLp@192.168.1.29@26002
Cn.Com.60B.CPA@CnCom.Id107001.7929A,Cn.Com.60B.CPA@CnCom.Id107001.7929A,DLa_DLy@192.168.1.29@26003
Cn.Com.60B.CPA@CnCom.Id107001.7929A,Cn.Com.60B.CPA@CnCom.Id107001.7929A,DLa_ZZCF@192.168.1.29@26004
Cn.Com.60B.CPA@CnCom.Id107001.7929A,Cn.Com.60B.CPA@CnCom.Id107001.7929A,DLa_ZZOI@192.168.1.29@26005
Cn.Com.60B.CPA@CnCom.Id107001.7929A,Cn.Com.60B.CPA@CnCom.Id107001.7929A,DLa_ZZRM@192.168.1.29@26006
Cn.Com.60B.CPA@CnCom.Id107001.7929A,Cn.Com.60B.CPA@CnCom.Id107001.7929A,DLc_ZZCF@192.168.1.29@26007
Cn.Com.60B.CPA@CnCom.Id107001.7929A,Cn.Com.60B.CPA@CnCom.Id107001.7929A,DLm_DLp@192.168.1.29@26008
Cn.Com.60B.CPA@CnCom.Id107001.7929A,Cn.Com.60B.CPA@CnCom.Id107001.7929A,DLm_DLy@192.168.1.29@26009
Cn.Com.60B.CPA@CnCom.Id107001.7929A,Cn.Com.60B.CPA@CnCom.Id107001.7929A,DLm_ZZOI@192.168.1.29@26010
Cn.Com.60B.CPA@CnCom.Id107001.7929A,Cn.Com.60B.CPA@CnCom.Id107001.7929A,DLm_ZZSR@192.168.1.29@26011
Cn.Com.60B.CPA@CnCom.Id107001.7929A,Cn.Com.60B.CPA@CnCom.Id107001.7929A,DLp_DLcs@192.168.1.29@26012
Cn.Com.60B.CPA@CnCom.Id107001.7929A,Cn.Com.60B.CPA@CnCom.Id107001.7929A,DLp_DLy@192.168.1.29@26013
Cn.Com.60B.CPA@CnCom.Id107001.7929A,Cn.Com.60B.CPA@CnCom.Id107001.7929A,DLp_ZZCF@192.168.1.29@26014
Cn.Com.60B.CPA@CnCom.Id107001.7929A,Cn.Com.60B.CPA@CnCom.Id107001.7929A,DLp_ZZOI@192.168.1.29@26015
Cn.Com.60B.CPA@CnCom.Id107001.7929A,Cn.Com.60B.CPA@CnCom.Id107001.7929A,DLp_ZZRM@192.168.1.29@26016
Cn.Com.60B.CPA@CnCom.Id107001.7929A,Cn.Com.60B.CPA@CnCom.Id107001.7929A,DLy_ZZCF@192.168.1.29@26017
Cn.Com.60B.CPA@CnCom.Id107001.7929A,Cn.Com.60B.CPA@CnCom.Id107001.7929A,DLy_ZZOI@192.168.1.29@26018
Cn.Com.60B.CPA@CnCom.Id107001.7929A,Cn.Com.60B.CPA@CnCom.Id107001.7929A,DLy_ZZRM@192.168.1.29@26019
Cn.Com.60B.CPA@CnCom.Id107001.7929A,Cn.Com.60B.CPA@CnCom.Id107001.7929A,ZZCF_ZZOI@192.168.1.29@26020
Cn.Com.60B.CPA@CnCom.Id107001.7929A,Cn.Com.60B.CPA@CnCom.Id107001.7929A,ZZOI_ZZRM@192.168.1.29@26021
Cn.Com.60B.CPA@CnCom.Id107001.7929A,Cn.Com.60B.CPA@CnCom.Id107001.7929A,ZZSR_ZZCF@192.168.1.29@26022
Cn.Com.60B.CPA@CnCom.Id107001.7929B,Cn.Com.60B.CPA@CnCom.Id107001.7929B,DLi_DLj@192.168.1.29@26201
Cn.Com.60B.CPA@CnCom.Id107001.7929B,Cn.Com.60B.CPA@CnCom.Id107001.7929B,DLi_DLjm@192.168.1.29@26202
Cn.Com.60B.CPA@CnCom.Id107001.7929B,Cn.Com.60B.CPA@CnCom.Id107001.7929B,DLi_SQrb@192.168.1.29@26203
Cn.Com.60B.CPA@CnCom.Id107001.7929B,Cn.Com.60B.CPA@CnCom.Id107001.7929B,DLi_ZZSF@192.168.1.29@26204
Cn.Com.60B.CPA@CnCom.Id107001.7929B,Cn.Com.60B.CPA@CnCom.Id107001.7929B,DLj_DLjm@192.168.1.29@26205
Cn.Com.60B.CPA@CnCom.Id107001.7929B,Cn.Com.60B.CPA@CnCom.Id107001.7929B,DLj_SQhc@192.168.1.29@26206
Cn.Com.60B.CPA@CnCom.Id107001.7929B,Cn.Com.60B.CPA@CnCom.Id107001.7929B,DLj_SQrb@192.168.1.29@26207
Cn.Com.60B.CPA@CnCom.Id107001.7929B,Cn.Com.60B.CPA@CnCom.Id107001.7929B,DLj_ZZSF@192.168.1.29@26208
Cn.Com.60B.CPA@CnCom.Id107001.7929B,Cn.Com.60B.CPA@CnCom.Id107001.7929B,SQrb_SQhc@192.168.1.29@26209
Cn.Com.60B.CPA@CnCom.Id107001.7929B,Cn.Com.60B.CPA@CnCom.Id107001.7929B,SQrb_ZZSF@192.168.1.29@26210
Cn.Com.60B.CPA@CnCom.Id107001.7929B,Cn.Com.60B.CPA@CnCom.Id107001.7929B,SQrb_ZZTC@192.168.1.29@26211
Cn.Com.60B.CPA@CnCom.Id107001.7929B,Cn.Com.60B.CPA@CnCom.Id107001.7929B,ZZSF_ZZSM@192.168.1.29@26212
Cn.Com.60B.CPA@CnCom.Id107001.7929S,Cn.Com.60B.CPA@CnCom.Id107001.7929S,SQal_SQbu@192.168.1.29@26401
Cn.Com.60B.CPA@CnCom.Id107001.7929S,Cn.Com.60B.CPA@CnCom.Id107001.7929S,SQal_SQrb@192.168.1.29@26402
Cn.Com.60B.CPA@CnCom.Id107001.7929S,Cn.Com.60B.CPA@CnCom.Id107001.7929S,SQau2_SQrb@192.168.1.29@26403
Cn.Com.60B.CPA@CnCom.Id107001.7929S,Cn.Com.60B.CPA@CnCom.Id107001.7929S,SQau2_SQru@192.168.1.29@26404
Cn.Com.60B.CPA@CnCom.Id107001.7929S,Cn.Com.60B.CPA@CnCom.Id107001.7929S,SQcu_SQhc@192.168.1.29@26405
Cn.Com.60B.CPA@CnCom.Id107001.7929S,Cn.Com.60B.CPA@CnCom.Id107001.7929S,SQcu_SQrb@192.168.1.29@26406
Cn.Com.60B.CPA@CnCom.Id107001.7929S,Cn.Com.60B.CPA@CnCom.Id107001.7929S,SQhc_SQbu@192.168.1.29@26407
Cn.Com.60B.CPA@CnCom.Id107001.7929S,Cn.Com.60B.CPA@CnCom.Id107001.7929S,SQni_SQau2@192.168.1.29@26408
Cn.Com.60B.CPA@CnCom.Id107001.7929S,Cn.Com.60B.CPA@CnCom.Id107001.7929S,SQni_SQhc@192.168.1.29@26409
Cn.Com.60B.CPA@CnCom.Id107001.7929S,Cn.Com.60B.CPA@CnCom.Id107001.7929S,SQni_SQru@192.168.1.29@26410
Cn.Com.60B.CPA@CnCom.Id107001.7929S,Cn.Com.60B.CPA@CnCom.Id107001.7929S,SQni_SQsn@192.168.1.29@26411
Cn.Com.60B.CPA@CnCom.Id107001.7929S,Cn.Com.60B.CPA@CnCom.Id107001.7929S,SQrb_SQbu@192.168.1.29@26412
Cn.Com.60B.CPA@CnCom.Id107001.7929S,Cn.Com.60B.CPA@CnCom.Id107001.7929S,SQrb_SQhc@192.168.1.29@26413
Cn.Com.60B.CPA@CnCom.Id107001.7929S,Cn.Com.60B.CPA@CnCom.Id107001.7929S,SQsn_SQru@192.168.1.29@26414
Cn.Com.60B.CPA@CnCom.Id107001.7929S,Cn.Com.60B.CPA@CnCom.Id107001.7929S,SQzn_SQni@192.168.1.29@26415
Cn.Com.60B.CPA@CnCom.Id107001.7929S,Cn.Com.60B.CPA@CnCom.Id107001.7929S,SQzn_SQrb@192.168.1.29@26416
Cn.Com.60B.CPA@CnCom.Id107216.C_A,Cn.Com.60B.CPA@CnCom.Id107216.C_A,DLc_DLy@192.168.1.29@26601
Cn.Com.60B.CPA@CnCom.Id107216.C_A,Cn.Com.60B.CPA@CnCom.Id107216.C_A,DLm_DLcs@192.168.1.29@26602
Cn.Com.60B.CPA@CnCom.Id107216.C_A,Cn.Com.60B.CPA@CnCom.Id107216.C_A,DLp_DLjd@192.168.1.29@26603
Cn.Com.60B.CPA@CnCom.Id107216.C_A,Cn.Com.60B.CPA@CnCom.Id107216.C_A,DLp_DLy@192.168.1.29@26604
Cn.Com.60B.CPA@CnCom.Id107216.C_A,Cn.Com.60B.CPA@CnCom.Id107216.C_A,DLy_ZZCF@192.168.1.29@26605
Cn.Com.60B.CPA@CnCom.Id107216.C_A,Cn.Com.60B.CPA@CnCom.Id107216.C_A,DLy_ZZOI@192.168.1.29@26606
Cn.Com.60B.CPA@CnCom.Id107216.C_A,Cn.Com.60B.CPA@CnCom.Id107216.C_A,ZZCF_ZZOI@192.168.1.29@26607
Cn.Com.60B.CPA@CnCom.Id107216.C_M,Cn.Com.60B.CPA@CnCom.Id107216.C_M,SQcu_SQau2@192.168.1.29@26801
Cn.Com.60B.CPA@CnCom.Id107216.C_M,Cn.Com.60B.CPA@CnCom.Id107216.C_M,SQni_SQsn@192.168.1.29@26802
Cn.Com.60B.CPA@CnCom.Id107216.C_M,Cn.Com.60B.CPA@CnCom.Id107216.C_M,SQrb_SQhc@192.168.1.29@26803
Cn.Com.60B.CPA@CnCom.Id107216.C_M,Cn.Com.60B.CPA@CnCom.Id107216.C_M,SQrb_SQpb@192.168.1.29@26804
Cn.Com.60B.CPA@CnCom.Id107216.C_M,Cn.Com.60B.CPA@CnCom.Id107216.C_M,SQsn_SQhc@192.168.1.29@26805
Cn.Com.60B.CPA@CnCom.Id107216.C_M,Cn.Com.60B.CPA@CnCom.Id107216.C_M,SQsn_SQpb@192.168.1.29@26806
Cn.Com.60B.CPA@CnCom.Id107216.C_M,Cn.Com.60B.CPA@CnCom.Id107216.C_M,SQsn_SQrb@192.168.1.29@26807
Cn.Com.60B.CPA@CnCom.Id107216.C_M,Cn.Com.60B.CPA@CnCom.Id107216.C_M,SQzn_SQsn@192.168.1.29@26808
Cn.Com.60B.CPA@CnCom.Id107216.D_A,Cn.Com.60B.CPA@CnCom.Id107216.D_A,DLa_ZZOI@192.168.1.29@27001
Cn.Com.60B.CPA@CnCom.Id107216.D_A,Cn.Com.60B.CPA@CnCom.Id107216.D_A,DLa_ZZRM@192.168.1.29@27002
Cn.Com.60B.CPA@CnCom.Id107216.D_A,Cn.Com.60B.CPA@CnCom.Id107216.D_A,DLjd_ZZSR@192.168.1.29@27003
Cn.Com.60B.CPA@CnCom.Id107216.D_A,Cn.Com.60B.CPA@CnCom.Id107216.D_A,DLm_ZZSR@192.168.1.29@27004
Cn.Com.60B.CPA@CnCom.Id107216.D_A,Cn.Com.60B.CPA@CnCom.Id107216.D_A,DLp_DLcs@192.168.1.29@27005
Cn.Com.60B.CPA@CnCom.Id107216.D_A,Cn.Com.60B.CPA@CnCom.Id107216.D_A,DLp_ZZRM@192.168.1.29@27006
Cn.Com.60B.CPA@CnCom.Id107216.D_A,Cn.Com.60B.CPA@CnCom.Id107216.D_A,ZZOI_ZZRM@192.168.1.29@27007
Cn.Com.60B.CPA@CnCom.Id107216.D_A,Cn.Com.60B.CPA@CnCom.Id107216.D_A,ZZSR_ZZOI@192.168.1.29@27008
Cn.Com.60B.CPA@CnCom.Id107217.M_M,Cn.Com.60B.CPA@CnCom.Id107217.M_M,SQcu_SQal@192.168.1.29@27201
Cn.Com.60B.CPA@CnCom.Id107217.M_M,Cn.Com.60B.CPA@CnCom.Id107217.M_M,SQsn_SQag@192.168.1.29@27202
Cn.Com.60B.CPA@CnCom.Id107217.M_M,Cn.Com.60B.CPA@CnCom.Id107217.M_M,SQsn_SQau2@192.168.1.29@27203
Cn.Com.60B.CPA@CnCom.Id107217.M_M,Cn.Com.60B.CPA@CnCom.Id107217.M_M,SQsn_SQrb@192.168.1.29@27204
Cn.Com.60B.CPA@CnCom.Id107217.M_M,Cn.Com.60B.CPA@CnCom.Id107217.M_M,SQzn_SQag@192.168.1.29@27205
Cn.Com.60B.CPA@CnCom.Id107217.M_M,Cn.Com.60B.CPA@CnCom.Id107217.M_M,SQzn_SQrb@192.168.1.29@27206
Cn.Com.60B.CPA@CnCom.Id107217.M_M,Cn.Com.60B.CPA@CnCom.Id107217.M_M,SQzn_SQsn@192.168.1.29@27207
Cn.Com.60B.CPA@CnCom.Id107218.A,Cn.Com.60B.CPA@CnCom.Id107218.A,DLa_DLp@192.168.1.29@27401
Cn.Com.60B.CPA@CnCom.Id107218.A,Cn.Com.60B.CPA@CnCom.Id107218.A,DLa_ZZCF@192.168.1.29@27402
Cn.Com.60B.CPA@CnCom.Id107218.A,Cn.Com.60B.CPA@CnCom.Id107218.A,DLa_ZZRM@192.168.1.29@27403
Cn.Com.60B.CPA@CnCom.Id107218.A,Cn.Com.60B.CPA@CnCom.Id107218.A,DLa_ZZSR@192.168.1.29@27404
Cn.Com.60B.CPA@CnCom.Id107218.A,Cn.Com.60B.CPA@CnCom.Id107218.A,DLc_ZZCF@192.168.1.29@27405
Cn.Com.60B.CPA@CnCom.Id107218.A,Cn.Com.60B.CPA@CnCom.Id107218.A,DLc_ZZSR@192.168.1.29@27406
Cn.Com.60B.CPA@CnCom.Id107218.A,Cn.Com.60B.CPA@CnCom.Id107218.A,DLjd_ZZCF@192.168.1.29@27407
Cn.Com.60B.CPA@CnCom.Id107218.A,Cn.Com.60B.CPA@CnCom.Id107218.A,DLm_DLjd@192.168.1.29@27408
Cn.Com.60B.CPA@CnCom.Id107218.A,Cn.Com.60B.CPA@CnCom.Id107218.A,DLm_DLp@192.168.1.29@27409
Cn.Com.60B.CPA@CnCom.Id107218.A,Cn.Com.60B.CPA@CnCom.Id107218.A,DLm_DLy@192.168.1.29@27410
Cn.Com.60B.CPA@CnCom.Id107218.A,Cn.Com.60B.CPA@CnCom.Id107218.A,DLm_ZZCF@192.168.1.29@27411
Cn.Com.60B.CPA@CnCom.Id107218.A,Cn.Com.60B.CPA@CnCom.Id107218.A,DLm_ZZOI@192.168.1.29@27412
Cn.Com.60B.CPA@CnCom.Id107218.A,Cn.Com.60B.CPA@CnCom.Id107218.A,DLm_ZZSR@192.168.1.29@27413
Cn.Com.60B.CPA@CnCom.Id107218.A,Cn.Com.60B.CPA@CnCom.Id107218.A,DLp_ZZCF@192.168.1.29@27414
Cn.Com.60B.CPA@CnCom.Id107218.A,Cn.Com.60B.CPA@CnCom.Id107218.A,DLp_ZZOI@192.168.1.29@27415
Cn.Com.60B.CPA@CnCom.Id107218.A,Cn.Com.60B.CPA@CnCom.Id107218.A,DLp_ZZRM@192.168.1.29@27416
Cn.Com.60B.CPA@CnCom.Id107218.A,Cn.Com.60B.CPA@CnCom.Id107218.A,DLy_ZZCF@192.168.1.29@27417
Cn.Com.60B.CPA@CnCom.Id107218.A,Cn.Com.60B.CPA@CnCom.Id107218.A,DLy_ZZRM@192.168.1.29@27418
Cn.Com.60B.CPA@CnCom.Id107218.A,Cn.Com.60B.CPA@CnCom.Id107218.A,ZZCF_ZZOI@192.168.1.29@27419
Cn.Com.60B.CPA@CnCom.Id107218.A,Cn.Com.60B.CPA@CnCom.Id107218.A,ZZOI_ZZRM@192.168.1.29@27420
Cn.Com.60B.CPA@CnCom.Id107218.A,Cn.Com.60B.CPA@CnCom.Id107218.A,ZZSR_ZZCF@192.168.1.29@27421
Cn.Com.60B.CPA@CnCom.Id107219.A,Cn.Com.60B.CPA@CnCom.Id107219.A,DLa_DLm@192.168.1.29@27601
Cn.Com.60B.CPA@CnCom.Id107219.A,Cn.Com.60B.CPA@CnCom.Id107219.A,DLa_DLp@192.168.1.29@27602
Cn.Com.60B.CPA@CnCom.Id107219.A,Cn.Com.60B.CPA@CnCom.Id107219.A,DLa_ZZCF@192.168.1.29@27603
Cn.Com.60B.CPA@CnCom.Id107219.A,Cn.Com.60B.CPA@CnCom.Id107219.A,DLm_DLjd@192.168.1.29@27604
Cn.Com.60B.CPA@CnCom.Id107219.A,Cn.Com.60B.CPA@CnCom.Id107219.A,DLm_DLp@192.168.1.29@27605
Cn.Com.60B.CPA@CnCom.Id107219.A,Cn.Com.60B.CPA@CnCom.Id107219.A,DLm_DLy@192.168.1.29@27606
Cn.Com.60B.CPA@CnCom.Id107219.A,Cn.Com.60B.CPA@CnCom.Id107219.A,DLm_ZZOI@192.168.1.29@27607
Cn.Com.60B.CPA@CnCom.Id107219.A,Cn.Com.60B.CPA@CnCom.Id107219.A,DLm_ZZSR@192.168.1.29@27608
Cn.Com.60B.CPA@CnCom.Id107219.A,Cn.Com.60B.CPA@CnCom.Id107219.A,DLp_DLcs@192.168.1.29@27609
Cn.Com.60B.CPA@CnCom.Id107219.A,Cn.Com.60B.CPA@CnCom.Id107219.A,DLp_DLy@192.168.1.29@27610
Cn.Com.60B.CPA@CnCom.Id107219.A,Cn.Com.60B.CPA@CnCom.Id107219.A,DLp_ZZCF@192.168.1.29@27611
Cn.Com.60B.CPA@CnCom.Id107219.A,Cn.Com.60B.CPA@CnCom.Id107219.A,DLp_ZZOI@192.168.1.29@27612
Cn.Com.60B.CPA@CnCom.Id107219.A,Cn.Com.60B.CPA@CnCom.Id107219.A,DLp_ZZRM@192.168.1.29@27613
Cn.Com.60B.CPA@CnCom.Id107219.A,Cn.Com.60B.CPA@CnCom.Id107219.A,DLy_ZZCF@192.168.1.29@27614
Cn.Com.60B.CPA@CnCom.Id107219.A,Cn.Com.60B.CPA@CnCom.Id107219.A,DLy_ZZRM@192.168.1.29@27615
Cn.Com.60B.CPA@CnCom.Id107219.A,Cn.Com.60B.CPA@CnCom.Id107219.A,ZZCF_ZZOI@192.168.1.29@27616
Cn.Com.60B.CPA@CnCom.Id107219.A,Cn.Com.60B.CPA@CnCom.Id107219.A,ZZOI_ZZRM@192.168.1.29@27617
Cn.Com.60B.CPA@CnCom.Id107219.B,Cn.Com.60B.CPA@CnCom.Id107219.B,DLi_DLj@192.168.1.29@27801
Cn.Com.60B.CPA@CnCom.Id107219.B,Cn.Com.60B.CPA@CnCom.Id107219.B,DLj_SQrb@192.168.1.29@27802
Cn.Com.60B.CPA@CnCom.Id107219.B,Cn.Com.60B.CPA@CnCom.Id107219.B,SQrb_ZZSF@192.168.1.29@27803
Cn.Com.60B.CPA@CnCom.Id107219.B,Cn.Com.60B.CPA@CnCom.Id107219.B,ZZSF_ZZSM@192.168.1.29@27804
Cn.Com.60B.CPA@CnCom.Id107219.B,Cn.Com.60B.CPA@CnCom.Id107219.B,ZZTC_ZZSM@192.168.1.29@27805
Cn.Com.U16.CPA@CnCom.Id102007.A02,CnCom.Id102007.A02,AGR@192.168.1.29@28001
Cn.Com.U16.CPA@CnCom.Id102007.A02,CnCom.Id102007.A02,CHM@192.168.1.29@28002
Cn.Com.U16.CPA@CnCom.Id102007.A02,CnCom.Id102007.A02,COM@192.168.1.29@28003
Cn.Com.U16.CPA@CnCom.Id102007.A02,CnCom.Id102007.A02,CZCE@192.168.1.29@28004
Cn.Com.U16.CPA@CnCom.Id102007.A02,CnCom.Id102007.A02,DCE@192.168.1.29@28005
Cn.Com.U16.CPA@CnCom.Id102007.A02,CnCom.Id102007.A02,MTL@192.168.1.29@28006
Cn.Com.U16.CPA@CnCom.Id102007.A06,CnCom.Id102007.A06,CHM@192.168.1.29@28201
Cn.Com.U16.CPA@CnCom.Id102007.A06,CnCom.Id102007.A06,COM1@192.168.1.29@28202
Cn.Com.U16.CPA@CnCom.Id102007.A06,CnCom.Id102007.A06,COM2@192.168.1.29@28203
Cn.Com.U16.CPA@CnCom.Id102007.A06,CnCom.Id102007.A06,CZCE@192.168.1.29@28204
Cn.Com.U16.CPA@CnCom.Id102007.A06,CnCom.Id102007.A06,MTL@192.168.1.29@28205
Cn.Com.U16.CPA@CnCom.Id102007.A06,CnCom.Id102007.A06,SHFE@192.168.1.29@28206
Cn.Com.U16.CPA@CnCom.Id102007.A06,CnCom.Id102007.A06,AGR@192.168.1.29@28401
Cn.Com.U16.CPA@CnCom.Id102007.A06,CnCom.Id102007.A06,COM@192.168.1.29@28402
Cn.Com.U16.CPA@CnCom.Id102007.A06,CnCom.Id102007.A06,MTL@192.168.1.29@28403
Cn.Com.U16.CPA@CnCom.Id102007.A06,CnCom.Id102007.A06,SHFE@192.168.1.29@28404
Cn.Com.U16.CPA@CnCom.Id102007.A08,CnCom.Id102007.A08,AGR@192.168.1.29@28601
Cn.Com.U16.CPA@CnCom.Id102007.A08,CnCom.Id102007.A08,COM@192.168.1.29@28602
Cn.Com.U16.CPA@CnCom.Id102007.A08,CnCom.Id102007.A08,CZCE@192.168.1.29@28603
Cn.Com.U16.CPA@CnCom.Id102007.A08,CnCom.Id102007.A08,DCE@192.168.1.29@28604
Cn.Com.U16.CPA@CnCom.Id102007.A08,CnCom.Id102007.A08,MTL@192.168.1.29@28605
Cn.Com.U16.CPA@CnCom.Id102007.A08,CnCom.Id102007.A08,SHFE@192.168.1.29@28606
Cn.Com.U16.CPA@CnCom.Id102007.A09,CnCom.Id102007.A09,AGR@192.168.1.29@28801
Cn.Com.U16.CPA@CnCom.Id102007.A09,CnCom.Id102007.A09,COM@192.168.1.29@28802
Cn.Com.U16.CPA@CnCom.Id102007.A09,CnCom.Id102007.A09,CZCE@192.168.1.29@28803
Cn.Com.U16.CPA@CnCom.Id102007.A09,CnCom.Id102007.A09,DCE@192.168.1.29@28804
Cn.Com.U16.CPA@CnCom.Id102007.A09,CnCom.Id102007.A09,MTL@192.168.1.29@28805
Cn.Com.U16.CPA@CnCom.Id102007.A09,CnCom.Id102007.A09,SHFE@192.168.1.29@28806
Cn.Com.U16.CPA@CnCom.Id102007.A13,CnCom.Id102007.A13,AGR@192.168.1.29@29001
Cn.Com.U16.CPA@CnCom.Id102007.A13,CnCom.Id102007.A13,COM1@192.168.1.29@29002
Cn.Com.U16.CPA@CnCom.Id102007.A13,CnCom.Id102007.A13,COM2@192.168.1.29@29003
Cn.Com.U16.CPA@CnCom.Id102007.A13,CnCom.Id102007.A13,COM3@192.168.1.29@29004
Cn.Com.U16.CPA@CnCom.Id102007.A13,CnCom.Id102007.A13,CZCE@192.168.1.29@29005
Cn.Com.U16.CPA@CnCom.Id102007.A13,CnCom.Id102007.A13,DCE@192.168.1.29@29006
Cn.Com.U16.CPA@CnCom.Id102007.M,CnCom.Id102007.M,SHFE@192.168.1.29@40001
Cn.Com.U16.CPA@CnCom.Id102007.M,CnCom.Id102007.M,SHFE@192.168.1.29@40002
Cn.Com.U16.CPA@CnCom.Id102007.M,CnCom.Id102007.M,SHFE@192.168.1.29@40003
Cn.Com.U16.CPA@CnCom.Id102007.M,CnCom.Id102007.M,SHFE@192.168.1.29@40004
Cn.Com.U16.CPA@CnCom.Id102007.M,CnCom.Id102007.M,SHFE@192.168.1.29@40005
Cn.Com.U16.CPA@CnCom.Id102007.M,CnCom.Id102007.M,SHFE@192.168.1.29@40006
Cn.Com.U16.CPA@CnCom.Id102007.M,CnCom.Id102007.M,SHFE@192.168.1.29@40007
Cn.Com.U16.CPA@CnCom.Id102007.M,CnCom.Id102007.M,SHFE@192.168.1.29@40008
Cn.Com.U16.CPA@CnCom.Id102007.M,CnCom.Id102007.M,SHFE@192.168.1.29@40009
Cn.Com.U16.CPA@CnCom.Id102007.M,CnCom.Id102007.M,SHFE@192.168.1.29@40010
Cn.Com.U16.CPA@CnCom.Id102007.M,CnCom.Id102007.M,SHFE@192.168.1.29@40011
Cn.Com.U16.CPA@CnCom.Id102007.M,CnCom.Id102007.M,SHFE@192.168.1.29@40012
Cn.Com.U16.CPA@CnCom.Id102007.M,CnCom.Id102007.M,SHFE@192.168.1.29@40013
Cn.Com.U16.CPA@CnCom.Id102007.M,CnCom.Id102007.M,SHFE@192.168.1.29@40014
Cn.Com.U16.CPA@CnCom.Id102007.M,CnCom.Id102007.M,SHFE@192.168.1.29@40015
Cn.Com.U16.CPA@CnCom.Id102007.M,CnCom.Id102007.M,SHFE@192.168.1.29@40016
Cn.Com.U16.CPA@CnCom.Id102007.M,CnCom.Id102007.M,SHFE@192.168.1.29@40017
Cn.Com.U16.CPA@CnCom.Id102007.M,CnCom.Id102007.M,SHFE@192.168.1.29@40018
Cn.Com.U16.CPA@CnCom.Id102007.M,CnCom.Id102007.M,SHFE@192.168.1.29@40019
Cn.Com.U16.CPA@CnCom.Id102007.M,CnCom.Id102007.M,SHFE@192.168.1.29@40020
Cn.Com.U16.CPA@CnCom.Id102007.M,CnCom.Id102007.M,SHFE@192.168.1.29@40021
Cn.Com.U16.CPA@CnCom.Id102007.M,CnCom.Id102007.M,SHFE@192.168.1.29@40022
Cn.Com.U16.CPA@CnCom.Id107201.B,Cn.Com.U16.CPA@CnCom.Id107201.B,DLj_DLjm@192.168.1.29@29201
Cn.Com.U16.CPA@CnCom.Id107201.M,Cn.Com.U16.CPA@CnCom.Id107201.M,SQag_SQru@192.168.1.29@29401
Cn.Com.U16.CPA@CnCom.Id107201.M,Cn.Com.U16.CPA@CnCom.Id107201.M,SQal_SQhc@192.168.1.29@29402
Cn.Com.U16.CPA@CnCom.Id107201.M,Cn.Com.U16.CPA@CnCom.Id107201.M,SQal_SQpb@192.168.1.29@29403
Cn.Com.U16.CPA@CnCom.Id107201.M,Cn.Com.U16.CPA@CnCom.Id107201.M,SQau2_SQpb@192.168.1.29@29404
Cn.Com.U16.CPA@CnCom.Id107201.M,Cn.Com.U16.CPA@CnCom.Id107201.M,SQau2_SQru@192.168.1.29@29405
Cn.Com.U16.CPA@CnCom.Id107201.M,Cn.Com.U16.CPA@CnCom.Id107201.M,SQcu_SQau2@192.168.1.29@29406
Cn.Com.U16.CPA@CnCom.Id107201.M,Cn.Com.U16.CPA@CnCom.Id107201.M,SQcu_SQpb@192.168.1.29@29407
Cn.Com.U16.CPA@CnCom.Id107201.M,Cn.Com.U16.CPA@CnCom.Id107201.M,SQcu_SQzn@192.168.1.29@29408
Cn.Com.U16.CPA@CnCom.Id107201.M,Cn.Com.U16.CPA@CnCom.Id107201.M,SQhc_SQpb@192.168.1.29@29409
Cn.Com.U16.CPA@CnCom.Id107201.M,Cn.Com.U16.CPA@CnCom.Id107201.M,SQni_SQpb@192.168.1.29@29410
Cn.Com.U16.CPA@CnCom.Id107201.M,Cn.Com.U16.CPA@CnCom.Id107201.M,SQni_SQsn@192.168.1.29@29411
Cn.Com.U16.CPA@CnCom.Id107201.M,Cn.Com.U16.CPA@CnCom.Id107201.M,SQpb_SQbu@192.168.1.29@29412
Cn.Com.U16.CPA@CnCom.Id107201.M,Cn.Com.U16.CPA@CnCom.Id107201.M,SQrb_SQpb@192.168.1.29@29413
Cn.Com.U16.CPA@CnCom.Id107201.M,Cn.Com.U16.CPA@CnCom.Id107201.M,SQsn_SQpb@192.168.1.29@29414
Cn.Com.U16.CPA@CnCom.Id107201.M,Cn.Com.U16.CPA@CnCom.Id107201.M,SQsn_SQrb@192.168.1.29@29415
Cn.Com.U16.CPA@CnCom.Id107201.M,Cn.Com.U16.CPA@CnCom.Id107201.M,SQzn_SQau2@192.168.1.29@29416
Cn.Com.U16.CPA@CnCom.Id107201.M,Cn.Com.U16.CPA@CnCom.Id107201.M,SQzn_SQhc@192.168.1.29@29417
Cn.Com.U16.CPA@CnCom.Id107201.M,Cn.Com.U16.CPA@CnCom.Id107201.M,SQzn_SQpb@192.168.1.29@29418
Cn.Com.U16.CPA@CnCom.Id107201.M,Cn.Com.U16.CPA@CnCom.Id107201.M,SQzn_SQrb@192.168.1.29@29419
Cn.Com.U16.CPA@CnCom.Id107201.M,Cn.Com.U16.CPA@CnCom.Id107201.M,SQzn_SQru@192.168.1.29@29420
Cn.Com.U16.CPA@CnCom.Id107201.M,Cn.Com.U16.CPA@CnCom.Id107201.M,SQzn_SQsn@192.168.1.29@29421
Cn.Com.U16.CPA@CnCom.Id107202.A,Cn.Com.U16.CPA@CnCom.Id107202.A,DLa_ZZSR@192.168.1.29@29601
Cn.Com.U16.CPA@CnCom.Id107202.A,Cn.Com.U16.CPA@CnCom.Id107202.A,DLcs_ZZCF@192.168.1.29@29602
Cn.Com.U16.CPA@CnCom.Id107202.A,Cn.Com.U16.CPA@CnCom.Id107202.A,DLc_ZZCF@192.168.1.29@29603
Cn.Com.U16.CPA@CnCom.Id107202.A,Cn.Com.U16.CPA@CnCom.Id107202.A,DLm_DLjd@192.168.1.29@29604
Cn.Com.U16.CPA@CnCom.Id107202.A,Cn.Com.U16.CPA@CnCom.Id107202.A,DLm_DLp@192.168.1.29@29605
Cn.Com.U16.CPA@CnCom.Id107202.A,Cn.Com.U16.CPA@CnCom.Id107202.A,DLm_DLy@192.168.1.29@29606
Cn.Com.U16.CPA@CnCom.Id107202.A,Cn.Com.U16.CPA@CnCom.Id107202.A,DLm_ZZCF@192.168.1.29@29607
Cn.Com.U16.CPA@CnCom.Id107202.A,Cn.Com.U16.CPA@CnCom.Id107202.A,DLp_ZZCF@192.168.1.29@29608
Cn.Com.U16.CPA@CnCom.Id107202.A,Cn.Com.U16.CPA@CnCom.Id107202.A,DLp_ZZOI@192.168.1.29@29609
Cn.Com.U16.CPA@CnCom.Id107202.A,Cn.Com.U16.CPA@CnCom.Id107202.A,DLp_ZZSR@192.168.1.29@29610
Cn.Com.U16.CPA@CnCom.Id107202.A,Cn.Com.U16.CPA@CnCom.Id107202.A,ZZCF_ZZOI@192.168.1.29@29611
Cn.Com.U16.CPA@CnCom.Id107202.A,Cn.Com.U16.CPA@CnCom.Id107202.A,ZZSR_ZZCF@192.168.1.29@29612
Cn.Com.U16.CPA@CnCom.Id107202.B,Cn.Com.U16.CPA@CnCom.Id107202.B,DLj_DLjm@192.168.1.29@29801
Cn.Com.U16.CPA@CnCom.Id107202.B,Cn.Com.U16.CPA@CnCom.Id107202.B,DLj_SQrb@192.168.1.29@29802
Cn.Com.U16.CPA@CnCom.Id107202.B,Cn.Com.U16.CPA@CnCom.Id107202.B,DLj_ZZSM@192.168.1.29@29803
Cn.Com.U16.CPA@CnCom.Id107202.B,Cn.Com.U16.CPA@CnCom.Id107202.B,SQrb_ZZSM@192.168.1.29@29804
Cn.Com.U16.CPA@CnCom.Id107202.M_M,Cn.Com.U16.CPA@CnCom.Id107202.M_M,SQag_SQhc@192.168.1.29@30001
Cn.Com.U16.CPA@CnCom.Id107202.M_M,Cn.Com.U16.CPA@CnCom.Id107202.M_M,SQag_SQrb@192.168.1.29@30002
Cn.Com.U16.CPA@CnCom.Id107202.M_M,Cn.Com.U16.CPA@CnCom.Id107202.M_M,SQal_SQau2@192.168.1.29@30003
Cn.Com.U16.CPA@CnCom.Id107202.M_M,Cn.Com.U16.CPA@CnCom.Id107202.M_M,SQcu_SQzn@192.168.1.29@30004
Cn.Com.U16.CPA@CnCom.Id107202.M_M,Cn.Com.U16.CPA@CnCom.Id107202.M_M,SQni_SQsn@192.168.1.29@30005
Cn.Com.U16.CPA@CnCom.Id107202.M_M,Cn.Com.U16.CPA@CnCom.Id107202.M_M,SQsn_SQag@192.168.1.29@30006
Cn.Com.U16.CPA@CnCom.Id107202.M_M,Cn.Com.U16.CPA@CnCom.Id107202.M_M,SQsn_SQau2@192.168.1.29@30007
Cn.Com.U16.CPA@CnCom.Id107203.C_B,Cn.Com.U16.CPA@CnCom.Id107203.C_B,DLi_SQhc@192.168.1.29@30201
Cn.Com.U16.CPA@CnCom.Id107203.C_B,Cn.Com.U16.CPA@CnCom.Id107203.C_B,DLi_ZZSM@192.168.1.29@30202
Cn.Com.U16.CPA@CnCom.Id107203.C_B,Cn.Com.U16.CPA@CnCom.Id107203.C_B,DLi_ZZTC@192.168.1.29@30203
Cn.Com.U16.CPA@CnCom.Id107203.C_B,Cn.Com.U16.CPA@CnCom.Id107203.C_B,DLjm_ZZSF@192.168.1.29@30204
Cn.Com.U16.CPA@CnCom.Id107203.C_B,Cn.Com.U16.CPA@CnCom.Id107203.C_B,DLj_ZZSF@192.168.1.29@30205
Cn.Com.U16.CPA@CnCom.Id107203.C_B,Cn.Com.U16.CPA@CnCom.Id107203.C_B,DLj_ZZTC@192.168.1.29@30206
Cn.Com.U16.CPA@CnCom.Id107203.C_B,Cn.Com.U16.CPA@CnCom.Id107203.C_B,SQhc_ZZTC@192.168.1.29@30207
Cn.Com.U16.CPA@CnCom.Id107203.C_B,Cn.Com.U16.CPA@CnCom.Id107203.C_B,SQrb_ZZTC@192.168.1.29@30208
Cn.Com.U16.CPA@CnCom.Id107203.C_B,Cn.Com.U16.CPA@CnCom.Id107203.C_B,ZZTC_ZZSF@192.168.1.29@30209
Cn.Com.U16.CPA@CnCom.Id107203.C_C,Cn.Com.U16.CPA@CnCom.Id107203.C_C,DLl_SQru@192.168.1.29@30401
Cn.Com.U16.CPA@CnCom.Id107203.C_C,Cn.Com.U16.CPA@CnCom.Id107203.C_C,DLv_SQru@192.168.1.29@30402
Cn.Com.U16.CPA@CnCom.Id107203.C_C,Cn.Com.U16.CPA@CnCom.Id107203.C_C,SQbu_SQru@192.168.1.29@30403
Cn.Com.U16.CPA@CnCom.Id107203.C_C,Cn.Com.U16.CPA@CnCom.Id107203.C_C,ZZTA_SQru@192.168.1.29@30404
Cn.Com.U16.CPA@CnCom.Id107203.C_M,Cn.Com.U16.CPA@CnCom.Id107203.C_M,SQal_SQhc@192.168.1.29@30601
Cn.Com.U16.CPA@CnCom.Id107203.C_M,Cn.Com.U16.CPA@CnCom.Id107203.C_M,SQal_SQpb@192.168.1.29@30602
Cn.Com.U16.CPA@CnCom.Id107203.C_M,Cn.Com.U16.CPA@CnCom.Id107203.C_M,SQcu_SQhc@192.168.1.29@30603
Cn.Com.U16.CPA@CnCom.Id107203.C_M,Cn.Com.U16.CPA@CnCom.Id107203.C_M,SQni_SQsn@192.168.1.29@30604
Cn.Com.U16.CPA@CnCom.Id107203.C_M,Cn.Com.U16.CPA@CnCom.Id107203.C_M,SQsn_SQhc@192.168.1.29@30605
Cn.Com.U16.CPA@CnCom.Id107203.C_M,Cn.Com.U16.CPA@CnCom.Id107203.C_M,SQsn_SQrb@192.168.1.29@30606
Cn.Com.U16.CPA@CnCom.Id107203.C_M,Cn.Com.U16.CPA@CnCom.Id107203.C_M,SQzn_SQsn@192.168.1.29@30607
Cn.Com.U16.CPA@CnCom.Id107203.D_A,Cn.Com.U16.CPA@CnCom.Id107203.D_A,DLa_DLc@192.168.1.29@30801
Cn.Com.U16.CPA@CnCom.Id107203.D_A,Cn.Com.U16.CPA@CnCom.Id107203.D_A,DLa_ZZSR@192.168.1.29@30802
Cn.Com.U16.CPA@CnCom.Id107203.D_A,Cn.Com.U16.CPA@CnCom.Id107203.D_A,DLm_DLjd@192.168.1.29@30803
Cn.Com.U16.CPA@CnCom.Id107203.D_A,Cn.Com.U16.CPA@CnCom.Id107203.D_A,DLm_DLp@192.168.1.29@30804
Cn.Com.U16.CPA@CnCom.Id107203.D_A,Cn.Com.U16.CPA@CnCom.Id107203.D_A,DLm_ZZSR@192.168.1.29@30805
Cn.Com.U16.CPA@CnCom.Id107203.D_A,Cn.Com.U16.CPA@CnCom.Id107203.D_A,DLp_DLcs@192.168.1.29@30806
Cn.Com.U16.CPA@CnCom.Id107203.D_A,Cn.Com.U16.CPA@CnCom.Id107203.D_A,DLp_ZZRM@192.168.1.29@30807
Cn.Com.U16.CPA@CnCom.Id107203.D_A,Cn.Com.U16.CPA@CnCom.Id107203.D_A,DLy_ZZOI@192.168.1.29@30808
Cn.Com.U16.CPA@CnCom.Id107203.D_A,Cn.Com.U16.CPA@CnCom.Id107203.D_A,DLy_ZZRM@192.168.1.29@30809
Cn.Com.U16.CPA@CnCom.Id107203.D_A,Cn.Com.U16.CPA@CnCom.Id107203.D_A,ZZSR_ZZCF@192.168.1.29@30810
Cn.Com.U16.CPA@CnCom.Id107205.S,Cn.Com.U16.CPA@CnCom.Id107205.S,SQag_SQbu@192.168.1.29@31001
Cn.Com.U16.CPA@CnCom.Id107205.S,Cn.Com.U16.CPA@CnCom.Id107205.S,SQag_SQhc@192.168.1.29@31002
Cn.Com.U16.CPA@CnCom.Id107205.S,Cn.Com.U16.CPA@CnCom.Id107205.S,SQal_SQbu@192.168.1.29@31003
Cn.Com.U16.CPA@CnCom.Id107205.S,Cn.Com.U16.CPA@CnCom.Id107205.S,SQal_SQpb@192.168.1.29@31004
Cn.Com.U16.CPA@CnCom.Id107205.S,Cn.Com.U16.CPA@CnCom.Id107205.S,SQau2_SQhc@192.168.1.29@31005
Cn.Com.U16.CPA@CnCom.Id107205.S,Cn.Com.U16.CPA@CnCom.Id107205.S,SQni_SQag@192.168.1.29@31006
Cn.Com.U16.CPA@CnCom.Id107205.S,Cn.Com.U16.CPA@CnCom.Id107205.S,SQni_SQbu@192.168.1.29@31007
Cn.Com.U16.CPA@CnCom.Id107205.S,Cn.Com.U16.CPA@CnCom.Id107205.S,SQni_SQhc@192.168.1.29@31008
Cn.Com.U16.CPA@CnCom.Id107205.S,Cn.Com.U16.CPA@CnCom.Id107205.S,SQni_SQsn@192.168.1.29@31009
Cn.Com.U16.CPA@CnCom.Id107205.S,Cn.Com.U16.CPA@CnCom.Id107205.S,SQsn_SQbu@192.168.1.29@31010
Cn.Com.U16.CPA@CnCom.Id107205.S,Cn.Com.U16.CPA@CnCom.Id107205.S,SQsn_SQru@192.168.1.29@31011
Cn.Com.U16.CPA@CnCom.Id107206.CAPM_AC,Cn.Com.U16.CPA@CnCom.Id107206.CAPM_AC,DLcs_DLa@192.168.1.29@31201
Cn.Com.U16.CPA@CnCom.Id107206.CAPM_AC,Cn.Com.U16.CPA@CnCom.Id107206.CAPM_AC,DLcs_DLc@192.168.1.29@31202
Cn.Com.U16.CPA@CnCom.Id107206.CAPM_AC,Cn.Com.U16.CPA@CnCom.Id107206.CAPM_AC,DLcs_DLm@192.168.1.29@31203
Cn.Com.U16.CPA@CnCom.Id107206.CAPM_AC,Cn.Com.U16.CPA@CnCom.Id107206.CAPM_AC,DLcs_DLy@192.168.1.29@31204
Cn.Com.U16.CPA@CnCom.Id107206.CAPM_AC,Cn.Com.U16.CPA@CnCom.Id107206.CAPM_AC,DLcs_ZZCF@192.168.1.29@31205
Cn.Com.U16.CPA@CnCom.Id107206.CAPM_AC,Cn.Com.U16.CPA@CnCom.Id107206.CAPM_AC,DLcs_ZZOI@192.168.1.29@31206
Cn.Com.U16.CPA@CnCom.Id107206.CAPM_AC,Cn.Com.U16.CPA@CnCom.Id107206.CAPM_AC,DLcs_ZZSR@192.168.1.29@31207
Cn.Com.U16.CPA@CnCom.Id107206.CAPM_AC,Cn.Com.U16.CPA@CnCom.Id107206.CAPM_AC,DLc_DLa@192.168.1.29@31208
Cn.Com.U16.CPA@CnCom.Id107206.CAPM_AC,Cn.Com.U16.CPA@CnCom.Id107206.CAPM_AC,DLc_DLp@192.168.1.29@31209
Cn.Com.U16.CPA@CnCom.Id107206.CAPM_AC,Cn.Com.U16.CPA@CnCom.Id107206.CAPM_AC,DLc_DLy@192.168.1.29@31210
Cn.Com.U16.CPA@CnCom.Id107206.CAPM_AC,Cn.Com.U16.CPA@CnCom.Id107206.CAPM_AC,DLc_ZZCF@192.168.1.29@31211
Cn.Com.U16.CPA@CnCom.Id107206.CAPM_AC,Cn.Com.U16.CPA@CnCom.Id107206.CAPM_AC,DLc_ZZOI@192.168.1.29@31212
Cn.Com.U16.CPA@CnCom.Id107206.CAPM_AC,Cn.Com.U16.CPA@CnCom.Id107206.CAPM_AC,DLjd_DLa@192.168.1.29@31213
Cn.Com.U16.CPA@CnCom.Id107206.CAPM_AC,Cn.Com.U16.CPA@CnCom.Id107206.CAPM_AC,DLjd_DLc@192.168.1.29@31214
Cn.Com.U16.CPA@CnCom.Id107206.CAPM_AC,Cn.Com.U16.CPA@CnCom.Id107206.CAPM_AC,DLjd_DLcs@192.168.1.29@31215
Cn.Com.U16.CPA@CnCom.Id107206.CAPM_AC,Cn.Com.U16.CPA@CnCom.Id107206.CAPM_AC,DLjd_DLm@192.168.1.29@31216
Cn.Com.U16.CPA@CnCom.Id107206.CAPM_AC,Cn.Com.U16.CPA@CnCom.Id107206.CAPM_AC,DLjd_ZZCF@192.168.1.29@31217
Cn.Com.U16.CPA@CnCom.Id107206.CAPM_AC,Cn.Com.U16.CPA@CnCom.Id107206.CAPM_AC,DLjd_ZZRM@192.168.1.29@31218
Cn.Com.U16.CPA@CnCom.Id107206.CAPM_AC,Cn.Com.U16.CPA@CnCom.Id107206.CAPM_AC,DLjd_ZZSR@192.168.1.29@31219
Cn.Com.U16.CPA@CnCom.Id107206.CAPM_AC,Cn.Com.U16.CPA@CnCom.Id107206.CAPM_AC,DLm_DLa@192.168.1.29@31220
Cn.Com.U16.CPA@CnCom.Id107206.CAPM_AC,Cn.Com.U16.CPA@CnCom.Id107206.CAPM_AC,DLm_DLc@192.168.1.29@31221
Cn.Com.U16.CPA@CnCom.Id107206.CAPM_AC,Cn.Com.U16.CPA@CnCom.Id107206.CAPM_AC,DLm_DLcs@192.168.1.29@31222
Cn.Com.U16.CPA@CnCom.Id107206.CAPM_AC,Cn.Com.U16.CPA@CnCom.Id107206.CAPM_AC,DLm_DLp@192.168.1.29@31223
Cn.Com.U16.CPA@CnCom.Id107206.CAPM_AC,Cn.Com.U16.CPA@CnCom.Id107206.CAPM_AC,DLm_DLy@192.168.1.29@31224
Cn.Com.U16.CPA@CnCom.Id107206.CAPM_AC,Cn.Com.U16.CPA@CnCom.Id107206.CAPM_AC,DLm_ZZCF@192.168.1.29@31225
Cn.Com.U16.CPA@CnCom.Id107206.CAPM_AC,Cn.Com.U16.CPA@CnCom.Id107206.CAPM_AC,DLm_ZZOI@192.168.1.29@31226
Cn.Com.U16.CPA@CnCom.Id107206.CAPM_AC,Cn.Com.U16.CPA@CnCom.Id107206.CAPM_AC,DLp_DLa@192.168.1.29@31227
Cn.Com.U16.CPA@CnCom.Id107206.CAPM_AC,Cn.Com.U16.CPA@CnCom.Id107206.CAPM_AC,DLp_DLm@192.168.1.29@31228
Cn.Com.U16.CPA@CnCom.Id107206.CAPM_AC,Cn.Com.U16.CPA@CnCom.Id107206.CAPM_AC,DLp_ZZRM@192.168.1.29@31229
Cn.Com.U16.CPA@CnCom.Id107206.CAPM_AC,Cn.Com.U16.CPA@CnCom.Id107206.CAPM_AC,DLy_DLa@192.168.1.29@31230
Cn.Com.U16.CPA@CnCom.Id107206.CAPM_AC,Cn.Com.U16.CPA@CnCom.Id107206.CAPM_AC,ZZCF_DLcs@192.168.1.29@31231
Cn.Com.U16.CPA@CnCom.Id107206.CAPM_AC,Cn.Com.U16.CPA@CnCom.Id107206.CAPM_AC,ZZCF_DLjd@192.168.1.29@31232
Cn.Com.U16.CPA@CnCom.Id107206.CAPM_AC,Cn.Com.U16.CPA@CnCom.Id107206.CAPM_AC,ZZRM_DLa@192.168.1.29@31233
Cn.Com.U16.CPA@CnCom.Id107206.CAPM_AC,Cn.Com.U16.CPA@CnCom.Id107206.CAPM_AC,ZZRM_DLjd@192.168.1.29@31234
Cn.Com.U16.CPA@CnCom.Id107206.CAPM_AC,Cn.Com.U16.CPA@CnCom.Id107206.CAPM_AC,ZZRM_DLp@192.168.1.29@31235
Cn.Com.U16.CPA@CnCom.Id107206.CAPM_AC,Cn.Com.U16.CPA@CnCom.Id107206.CAPM_AC,ZZRM_DLy@192.168.1.29@31236
Cn.Com.U16.CPA@CnCom.Id107206.CAPM_AC,Cn.Com.U16.CPA@CnCom.Id107206.CAPM_AC,ZZRM_ZZOI@192.168.1.29@31237
Cn.Com.U16.CPA@CnCom.Id107206.CAPM_AC,Cn.Com.U16.CPA@CnCom.Id107206.CAPM_AC,ZZSR_DLy@192.168.1.29@31238
Cn.Com.U16.CPA@CnCom.Id107206.CAPM_AM,Cn.Com.U16.CPA@CnCom.Id107206.CAPM_AM,DLa_DLcs@192.168.1.29@31401
Cn.Com.U16.CPA@CnCom.Id107206.CAPM_AM,Cn.Com.U16.CPA@CnCom.Id107206.CAPM_AM,DLa_DLjd@192.168.1.29@31402
Cn.Com.U16.CPA@CnCom.Id107206.CAPM_AM,Cn.Com.U16.CPA@CnCom.Id107206.CAPM_AM,DLa_DLp@192.168.1.29@31403
Cn.Com.U16.CPA@CnCom.Id107206.CAPM_AM,Cn.Com.U16.CPA@CnCom.Id107206.CAPM_AM,DLa_DLy@192.168.1.29@31404
Cn.Com.U16.CPA@CnCom.Id107206.CAPM_AM,Cn.Com.U16.CPA@CnCom.Id107206.CAPM_AM,DLa_ZZCF@192.168.1.29@31405
Cn.Com.U16.CPA@CnCom.Id107206.CAPM_AM,Cn.Com.U16.CPA@CnCom.Id107206.CAPM_AM,DLa_ZZOI@192.168.1.29@31406
Cn.Com.U16.CPA@CnCom.Id107206.CAPM_AM,Cn.Com.U16.CPA@CnCom.Id107206.CAPM_AM,DLcs_DLjd@192.168.1.29@31407
Cn.Com.U16.CPA@CnCom.Id107206.CAPM_AM,Cn.Com.U16.CPA@CnCom.Id107206.CAPM_AM,DLcs_DLp@192.168.1.29@31408
Cn.Com.U16.CPA@CnCom.Id107206.CAPM_AM,Cn.Com.U16.CPA@CnCom.Id107206.CAPM_AM,DLcs_DLy@192.168.1.29@31409
Cn.Com.U16.CPA@CnCom.Id107206.CAPM_AM,Cn.Com.U16.CPA@CnCom.Id107206.CAPM_AM,DLcs_ZZOI@192.168.1.29@31410
Cn.Com.U16.CPA@CnCom.Id107206.CAPM_AM,Cn.Com.U16.CPA@CnCom.Id107206.CAPM_AM,DLcs_ZZSR@192.168.1.29@31411
Cn.Com.U16.CPA@CnCom.Id107206.CAPM_AM,Cn.Com.U16.CPA@CnCom.Id107206.CAPM_AM,DLc_DLcs@192.168.1.29@31412
Cn.Com.U16.CPA@CnCom.Id107206.CAPM_AM,Cn.Com.U16.CPA@CnCom.Id107206.CAPM_AM,DLc_DLjd@192.168.1.29@31413
Cn.Com.U16.CPA@CnCom.Id107206.CAPM_AM,Cn.Com.U16.CPA@CnCom.Id107206.CAPM_AM,DLc_DLy@192.168.1.29@31414
Cn.Com.U16.CPA@CnCom.Id107206.CAPM_AM,Cn.Com.U16.CPA@CnCom.Id107206.CAPM_AM,DLc_ZZCF@192.168.1.29@31415
Cn.Com.U16.CPA@CnCom.Id107206.CAPM_AM,Cn.Com.U16.CPA@CnCom.Id107206.CAPM_AM,DLm_DLa@192.168.1.29@31416
Cn.Com.U16.CPA@CnCom.Id107206.CAPM_AM,Cn.Com.U16.CPA@CnCom.Id107206.CAPM_AM,DLm_DLcs@192.168.1.29@31417
Cn.Com.U16.CPA@CnCom.Id107206.CAPM_AM,Cn.Com.U16.CPA@CnCom.Id107206.CAPM_AM,DLm_DLjd@192.168.1.29@31418
Cn.Com.U16.CPA@CnCom.Id107206.CAPM_AM,Cn.Com.U16.CPA@CnCom.Id107206.CAPM_AM,DLm_DLp@192.168.1.29@31419
Cn.Com.U16.CPA@CnCom.Id107206.CAPM_AM,Cn.Com.U16.CPA@CnCom.Id107206.CAPM_AM,DLm_DLy@192.168.1.29@31420
Cn.Com.U16.CPA@CnCom.Id107206.CAPM_AM,Cn.Com.U16.CPA@CnCom.Id107206.CAPM_AM,DLm_ZZCF@192.168.1.29@31421
Cn.Com.U16.CPA@CnCom.Id107206.CAPM_AM,Cn.Com.U16.CPA@CnCom.Id107206.CAPM_AM,DLm_ZZOI@192.168.1.29@31422
Cn.Com.U16.CPA@CnCom.Id107206.CAPM_AM,Cn.Com.U16.CPA@CnCom.Id107206.CAPM_AM,DLm_ZZSR@192.168.1.29@31423
Cn.Com.U16.CPA@CnCom.Id107206.CAPM_AM,Cn.Com.U16.CPA@CnCom.Id107206.CAPM_AM,DLp_DLjd@192.168.1.29@31424
Cn.Com.U16.CPA@CnCom.Id107206.CAPM_AM,Cn.Com.U16.CPA@CnCom.Id107206.CAPM_AM,DLp_DLm@192.168.1.29@31425
Cn.Com.U16.CPA@CnCom.Id107206.CAPM_AM,Cn.Com.U16.CPA@CnCom.Id107206.CAPM_AM,DLp_ZZRM@192.168.1.29@31426
Cn.Com.U16.CPA@CnCom.Id107206.CAPM_AM,Cn.Com.U16.CPA@CnCom.Id107206.CAPM_AM,DLy_DLm@192.168.1.29@31427
Cn.Com.U16.CPA@CnCom.Id107206.CAPM_AM,Cn.Com.U16.CPA@CnCom.Id107206.CAPM_AM,ZZCF_DLp@192.168.1.29@31428
Cn.Com.U16.CPA@CnCom.Id107206.CAPM_AM,Cn.Com.U16.CPA@CnCom.Id107206.CAPM_AM,ZZCF_DLy@192.168.1.29@31429
Cn.Com.U16.CPA@CnCom.Id107206.CAPM_AM,Cn.Com.U16.CPA@CnCom.Id107206.CAPM_AM,ZZCF_ZZOI@192.168.1.29@31430
Cn.Com.U16.CPA@CnCom.Id107206.CAPM_AM,Cn.Com.U16.CPA@CnCom.Id107206.CAPM_AM,ZZRM_DLcs@192.168.1.29@31431
Cn.Com.U16.CPA@CnCom.Id107206.CAPM_AM,Cn.Com.U16.CPA@CnCom.Id107206.CAPM_AM,ZZRM_DLjd@192.168.1.29@31432
Cn.Com.U16.CPA@CnCom.Id107206.CAPM_AM,Cn.Com.U16.CPA@CnCom.Id107206.CAPM_AM,ZZRM_DLy@192.168.1.29@31433
Cn.Com.U16.CPA@CnCom.Id107206.CAPM_AM,Cn.Com.U16.CPA@CnCom.Id107206.CAPM_AM,ZZRM_ZZSR@192.168.1.29@31434
Cn.Com.U16.CPA@CnCom.Id107206.CAPM_AM,Cn.Com.U16.CPA@CnCom.Id107206.CAPM_AM,ZZSR_DLcs@192.168.1.29@31435
Cn.Com.U16.CPA@CnCom.Id107206.CAPM_AM,Cn.Com.U16.CPA@CnCom.Id107206.CAPM_AM,ZZSR_DLjd@192.168.1.29@31436
Cn.Com.U16.CPA@CnCom.Id107206.CAPM_AM,Cn.Com.U16.CPA@CnCom.Id107206.CAPM_AM,ZZSR_DLm@192.168.1.29@31437
Cn.Com.U16.CPA@CnCom.Id107206.CAPM_CC,Cn.Com.U16.CPA@CnCom.Id107206.CAPM_CC,DLl_DLpp@192.168.1.29@31601
Cn.Com.U16.CPA@CnCom.Id107206.CAPM_CC,Cn.Com.U16.CPA@CnCom.Id107206.CAPM_CC,DLl_DLv@192.168.1.29@31602
Cn.Com.U16.CPA@CnCom.Id107206.CAPM_CC,Cn.Com.U16.CPA@CnCom.Id107206.CAPM_CC,DLl_SQbu@192.168.1.29@31603
Cn.Com.U16.CPA@CnCom.Id107206.CAPM_CC,Cn.Com.U16.CPA@CnCom.Id107206.CAPM_CC,DLl_SQru@192.168.1.29@31604
Cn.Com.U16.CPA@CnCom.Id107206.CAPM_CC,Cn.Com.U16.CPA@CnCom.Id107206.CAPM_CC,DLl_ZZMA@192.168.1.29@31605
Cn.Com.U16.CPA@CnCom.Id107206.CAPM_CC,Cn.Com.U16.CPA@CnCom.Id107206.CAPM_CC,DLl_ZZTA@192.168.1.29@31606
Cn.Com.U16.CPA@CnCom.Id107206.CAPM_CC,Cn.Com.U16.CPA@CnCom.Id107206.CAPM_CC,DLpp_DLl@192.168.1.29@31607
Cn.Com.U16.CPA@CnCom.Id107206.CAPM_CC,Cn.Com.U16.CPA@CnCom.Id107206.CAPM_CC,DLpp_SQbu@192.168.1.29@31608
Cn.Com.U16.CPA@CnCom.Id107206.CAPM_CC,Cn.Com.U16.CPA@CnCom.Id107206.CAPM_CC,DLpp_SQru@192.168.1.29@31609
Cn.Com.U16.CPA@CnCom.Id107206.CAPM_CC,Cn.Com.U16.CPA@CnCom.Id107206.CAPM_CC,DLpp_ZZMA@192.168.1.29@31610
Cn.Com.U16.CPA@CnCom.Id107206.CAPM_CC,Cn.Com.U16.CPA@CnCom.Id107206.CAPM_CC,DLpp_ZZTA@192.168.1.29@31611
Cn.Com.U16.CPA@CnCom.Id107206.CAPM_CC,Cn.Com.U16.CPA@CnCom.Id107206.CAPM_CC,DLv_SQbu@192.168.1.29@31612
Cn.Com.U16.CPA@CnCom.Id107206.CAPM_CC,Cn.Com.U16.CPA@CnCom.Id107206.CAPM_CC,DLv_SQru@192.168.1.29@31613
Cn.Com.U16.CPA@CnCom.Id107206.CAPM_CC,Cn.Com.U16.CPA@CnCom.Id107206.CAPM_CC,SQbu_DLl@192.168.1.29@31614
Cn.Com.U16.CPA@CnCom.Id107206.CAPM_CC,Cn.Com.U16.CPA@CnCom.Id107206.CAPM_CC,SQbu_DLpp@192.168.1.29@31615
Cn.Com.U16.CPA@CnCom.Id107206.CAPM_CC,Cn.Com.U16.CPA@CnCom.Id107206.CAPM_CC,SQbu_DLv@192.168.1.29@31616
Cn.Com.U16.CPA@CnCom.Id107206.CAPM_CC,Cn.Com.U16.CPA@CnCom.Id107206.CAPM_CC,SQbu_ZZMA@192.168.1.29@31617
Cn.Com.U16.CPA@CnCom.Id107206.CAPM_CC,Cn.Com.U16.CPA@CnCom.Id107206.CAPM_CC,SQbu_ZZTA@192.168.1.29@31618
Cn.Com.U16.CPA@CnCom.Id107206.CAPM_CC,Cn.Com.U16.CPA@CnCom.Id107206.CAPM_CC,SQru_DLl@192.168.1.29@31619
Cn.Com.U16.CPA@CnCom.Id107206.CAPM_CC,Cn.Com.U16.CPA@CnCom.Id107206.CAPM_CC,SQru_DLpp@192.168.1.29@31620
Cn.Com.U16.CPA@CnCom.Id107206.CAPM_CC,Cn.Com.U16.CPA@CnCom.Id107206.CAPM_CC,SQru_DLv@192.168.1.29@31621
Cn.Com.U16.CPA@CnCom.Id107206.CAPM_CC,Cn.Com.U16.CPA@CnCom.Id107206.CAPM_CC,SQru_SQbu@192.168.1.29@31622
Cn.Com.U16.CPA@CnCom.Id107206.CAPM_CC,Cn.Com.U16.CPA@CnCom.Id107206.CAPM_CC,SQru_ZZMA@192.168.1.29@31623
Cn.Com.U16.CPA@CnCom.Id107206.CAPM_CC,Cn.Com.U16.CPA@CnCom.Id107206.CAPM_CC,ZZMA_DLpp@192.168.1.29@31624
Cn.Com.U16.CPA@CnCom.Id107206.CAPM_CC,Cn.Com.U16.CPA@CnCom.Id107206.CAPM_CC,ZZMA_DLv@192.168.1.29@31625
Cn.Com.U16.CPA@CnCom.Id107206.CAPM_CC,Cn.Com.U16.CPA@CnCom.Id107206.CAPM_CC,ZZMA_SQbu@192.168.1.29@31626
Cn.Com.U16.CPA@CnCom.Id107206.CAPM_CC,Cn.Com.U16.CPA@CnCom.Id107206.CAPM_CC,ZZMA_SQru@192.168.1.29@31627
Cn.Com.U16.CPA@CnCom.Id107206.CAPM_CC,Cn.Com.U16.CPA@CnCom.Id107206.CAPM_CC,ZZMA_ZZTA@192.168.1.29@31628
Cn.Com.U16.CPA@CnCom.Id107206.CAPM_CC,Cn.Com.U16.CPA@CnCom.Id107206.CAPM_CC,ZZTA_DLl@192.168.1.29@31629
Cn.Com.U16.CPA@CnCom.Id107206.CAPM_CC,Cn.Com.U16.CPA@CnCom.Id107206.CAPM_CC,ZZTA_DLpp@192.168.1.29@31630
Cn.Com.U16.CPA@CnCom.Id107206.CAPM_CC,Cn.Com.U16.CPA@CnCom.Id107206.CAPM_CC,ZZTA_DLv@192.168.1.29@31631
Cn.Com.U16.CPA@CnCom.Id107206.CAPM_CC,Cn.Com.U16.CPA@CnCom.Id107206.CAPM_CC,ZZTA_SQbu@192.168.1.29@31632
Cn.Com.U16.CPA@CnCom.Id107206.CAPM_CC,Cn.Com.U16.CPA@CnCom.Id107206.CAPM_CC,ZZTA_ZZMA@192.168.1.29@31633
Cn.Com.U16.CPA@CnCom.Id107206.CAPM_CM,Cn.Com.U16.CPA@CnCom.Id107206.CAPM_CM,DLl_SQbu@192.168.1.29@31801
Cn.Com.U16.CPA@CnCom.Id107206.CAPM_CM,Cn.Com.U16.CPA@CnCom.Id107206.CAPM_CM,DLl_SQru@192.168.1.29@31802
Cn.Com.U16.CPA@CnCom.Id107206.CAPM_CM,Cn.Com.U16.CPA@CnCom.Id107206.CAPM_CM,DLl_ZZTA@192.168.1.29@31803
Cn.Com.U16.CPA@CnCom.Id107206.CAPM_CM,Cn.Com.U16.CPA@CnCom.Id107206.CAPM_CM,DLpp_DLl@192.168.1.29@31804
Cn.Com.U16.CPA@CnCom.Id107206.CAPM_CM,Cn.Com.U16.CPA@CnCom.Id107206.CAPM_CM,DLpp_SQbu@192.168.1.29@31805
Cn.Com.U16.CPA@CnCom.Id107206.CAPM_CM,Cn.Com.U16.CPA@CnCom.Id107206.CAPM_CM,DLpp_SQru@192.168.1.29@31806
Cn.Com.U16.CPA@CnCom.Id107206.CAPM_CM,Cn.Com.U16.CPA@CnCom.Id107206.CAPM_CM,DLpp_ZZMA@192.168.1.29@31807
Cn.Com.U16.CPA@CnCom.Id107206.CAPM_CM,Cn.Com.U16.CPA@CnCom.Id107206.CAPM_CM,DLpp_ZZTA@192.168.1.29@31808
Cn.Com.U16.CPA@CnCom.Id107206.CAPM_CM,Cn.Com.U16.CPA@CnCom.Id107206.CAPM_CM,DLv_DLl@192.168.1.29@31809
Cn.Com.U16.CPA@CnCom.Id107206.CAPM_CM,Cn.Com.U16.CPA@CnCom.Id107206.CAPM_CM,DLv_SQbu@192.168.1.29@31810
Cn.Com.U16.CPA@CnCom.Id107206.CAPM_CM,Cn.Com.U16.CPA@CnCom.Id107206.CAPM_CM,DLv_SQru@192.168.1.29@31811
Cn.Com.U16.CPA@CnCom.Id107206.CAPM_CM,Cn.Com.U16.CPA@CnCom.Id107206.CAPM_CM,DLv_ZZTA@192.168.1.29@31812
Cn.Com.U16.CPA@CnCom.Id107206.CAPM_CM,Cn.Com.U16.CPA@CnCom.Id107206.CAPM_CM,SQbu_DLl@192.168.1.29@31813
Cn.Com.U16.CPA@CnCom.Id107206.CAPM_CM,Cn.Com.U16.CPA@CnCom.Id107206.CAPM_CM,SQbu_DLpp@192.168.1.29@31814
Cn.Com.U16.CPA@CnCom.Id107206.CAPM_CM,Cn.Com.U16.CPA@CnCom.Id107206.CAPM_CM,SQbu_DLv@192.168.1.29@31815
Cn.Com.U16.CPA@CnCom.Id107206.CAPM_CM,Cn.Com.U16.CPA@CnCom.Id107206.CAPM_CM,SQbu_SQru@192.168.1.29@31816
Cn.Com.U16.CPA@CnCom.Id107206.CAPM_CM,Cn.Com.U16.CPA@CnCom.Id107206.CAPM_CM,SQbu_ZZMA@192.168.1.29@31817
Cn.Com.U16.CPA@CnCom.Id107206.CAPM_CM,Cn.Com.U16.CPA@CnCom.Id107206.CAPM_CM,SQbu_ZZTA@192.168.1.29@31818
Cn.Com.U16.CPA@CnCom.Id107206.CAPM_CM,Cn.Com.U16.CPA@CnCom.Id107206.CAPM_CM,SQru_DLl@192.168.1.29@31819
Cn.Com.U16.CPA@CnCom.Id107206.CAPM_CM,Cn.Com.U16.CPA@CnCom.Id107206.CAPM_CM,ZZMA_DLl@192.168.1.29@31820
Cn.Com.U16.CPA@CnCom.Id107206.CAPM_CM,Cn.Com.U16.CPA@CnCom.Id107206.CAPM_CM,ZZMA_SQbu@192.168.1.29@31821
Cn.Com.U16.CPA@CnCom.Id107206.CAPM_CM,Cn.Com.U16.CPA@CnCom.Id107206.CAPM_CM,ZZMA_SQru@192.168.1.29@31822
Cn.Com.U16.CPA@CnCom.Id107206.CAPM_CM,Cn.Com.U16.CPA@CnCom.Id107206.CAPM_CM,ZZTA_DLl@192.168.1.29@31823
Cn.Com.U16.CPA@CnCom.Id107206.CAPM_CM,Cn.Com.U16.CPA@CnCom.Id107206.CAPM_CM,ZZTA_SQbu@192.168.1.29@31824
Cn.Com.U16.CPA@CnCom.Id107206.CAPM_CM,Cn.Com.U16.CPA@CnCom.Id107206.CAPM_CM,ZZTA_SQru@192.168.1.29@31825
Cn.Com.U16.CPA@CnCom.Id107206.CAPM_CP,Cn.Com.U16.CPA@CnCom.Id107206.CAPM_CP,DLl_DLpp@192.168.1.29@32001
Cn.Com.U16.CPA@CnCom.Id107206.CAPM_CP,Cn.Com.U16.CPA@CnCom.Id107206.CAPM_CP,DLl_SQru@192.168.1.29@32002
Cn.Com.U16.CPA@CnCom.Id107206.CAPM_CP,Cn.Com.U16.CPA@CnCom.Id107206.CAPM_CP,DLl_ZZTA@192.168.1.29@32003
Cn.Com.U16.CPA@CnCom.Id107206.CAPM_CP,Cn.Com.U16.CPA@CnCom.Id107206.CAPM_CP,DLpp_DLl@192.168.1.29@32004
Cn.Com.U16.CPA@CnCom.Id107206.CAPM_CP,Cn.Com.U16.CPA@CnCom.Id107206.CAPM_CP,DLpp_DLv@192.168.1.29@32005
Cn.Com.U16.CPA@CnCom.Id107206.CAPM_CP,Cn.Com.U16.CPA@CnCom.Id107206.CAPM_CP,DLpp_SQbu@192.168.1.29@32006
Cn.Com.U16.CPA@CnCom.Id107206.CAPM_CP,Cn.Com.U16.CPA@CnCom.Id107206.CAPM_CP,DLpp_SQru@192.168.1.29@32007
Cn.Com.U16.CPA@CnCom.Id107206.CAPM_CP,Cn.Com.U16.CPA@CnCom.Id107206.CAPM_CP,DLpp_ZZMA@192.168.1.29@32008
Cn.Com.U16.CPA@CnCom.Id107206.CAPM_CP,Cn.Com.U16.CPA@CnCom.Id107206.CAPM_CP,DLpp_ZZTA@192.168.1.29@32009
Cn.Com.U16.CPA@CnCom.Id107206.CAPM_CP,Cn.Com.U16.CPA@CnCom.Id107206.CAPM_CP,DLv_DLl@192.168.1.29@32010
Cn.Com.U16.CPA@CnCom.Id107206.CAPM_CP,Cn.Com.U16.CPA@CnCom.Id107206.CAPM_CP,DLv_SQbu@192.168.1.29@32011
Cn.Com.U16.CPA@CnCom.Id107206.CAPM_CP,Cn.Com.U16.CPA@CnCom.Id107206.CAPM_CP,DLv_SQru@192.168.1.29@32012
Cn.Com.U16.CPA@CnCom.Id107206.CAPM_CP,Cn.Com.U16.CPA@CnCom.Id107206.CAPM_CP,DLv_ZZTA@192.168.1.29@32013
Cn.Com.U16.CPA@CnCom.Id107206.CAPM_CP,Cn.Com.U16.CPA@CnCom.Id107206.CAPM_CP,SQbu_DLl@192.168.1.29@32014
Cn.Com.U16.CPA@CnCom.Id107206.CAPM_CP,Cn.Com.U16.CPA@CnCom.Id107206.CAPM_CP,SQbu_DLpp@192.168.1.29@32015
Cn.Com.U16.CPA@CnCom.Id107206.CAPM_CP,Cn.Com.U16.CPA@CnCom.Id107206.CAPM_CP,SQbu_DLv@192.168.1.29@32016
Cn.Com.U16.CPA@CnCom.Id107206.CAPM_CP,Cn.Com.U16.CPA@CnCom.Id107206.CAPM_CP,SQbu_SQru@192.168.1.29@32017
Cn.Com.U16.CPA@CnCom.Id107206.CAPM_CP,Cn.Com.U16.CPA@CnCom.Id107206.CAPM_CP,SQbu_ZZMA@192.168.1.29@32018
Cn.Com.U16.CPA@CnCom.Id107206.CAPM_CP,Cn.Com.U16.CPA@CnCom.Id107206.CAPM_CP,SQbu_ZZTA@192.168.1.29@32019
Cn.Com.U16.CPA@CnCom.Id107206.CAPM_CP,Cn.Com.U16.CPA@CnCom.Id107206.CAPM_CP,SQru_DLl@192.168.1.29@32020
Cn.Com.U16.CPA@CnCom.Id107206.CAPM_CP,Cn.Com.U16.CPA@CnCom.Id107206.CAPM_CP,SQru_DLpp@192.168.1.29@32021
Cn.Com.U16.CPA@CnCom.Id107206.CAPM_CP,Cn.Com.U16.CPA@CnCom.Id107206.CAPM_CP,SQru_DLv@192.168.1.29@32022
Cn.Com.U16.CPA@CnCom.Id107206.CAPM_CP,Cn.Com.U16.CPA@CnCom.Id107206.CAPM_CP,ZZMA_DLl@192.168.1.29@32023
Cn.Com.U16.CPA@CnCom.Id107206.CAPM_CP,Cn.Com.U16.CPA@CnCom.Id107206.CAPM_CP,ZZMA_DLpp@192.168.1.29@32024
Cn.Com.U16.CPA@CnCom.Id107206.CAPM_CP,Cn.Com.U16.CPA@CnCom.Id107206.CAPM_CP,ZZMA_DLv@192.168.1.29@32025
Cn.Com.U16.CPA@CnCom.Id107206.CAPM_CP,Cn.Com.U16.CPA@CnCom.Id107206.CAPM_CP,ZZMA_SQru@192.168.1.29@32026
Cn.Com.U16.CPA@CnCom.Id107206.CAPM_CP,Cn.Com.U16.CPA@CnCom.Id107206.CAPM_CP,ZZMA_ZZTA@192.168.1.29@32027
Cn.Com.U16.CPA@CnCom.Id107206.CAPM_CP,Cn.Com.U16.CPA@CnCom.Id107206.CAPM_CP,ZZTA_DLl@192.168.1.29@32028
Cn.Com.U16.CPA@CnCom.Id107206.CAPM_CP,Cn.Com.U16.CPA@CnCom.Id107206.CAPM_CP,ZZTA_DLpp@192.168.1.29@32029
Cn.Com.U16.CPA@CnCom.Id107206.CAPM_CP,Cn.Com.U16.CPA@CnCom.Id107206.CAPM_CP,ZZTA_DLv@192.168.1.29@32030
Cn.Com.U16.CPA@CnCom.Id107206.CAPM_CP,Cn.Com.U16.CPA@CnCom.Id107206.CAPM_CP,ZZTA_SQbu@192.168.1.29@32031
Cn.Com.U16.CPA@CnCom.Id107206.CAPM_CP,Cn.Com.U16.CPA@CnCom.Id107206.CAPM_CP,ZZTA_SQru@192.168.1.29@32032
Cn.Com.U16.CPA@CnCom.Id107225.7944C,Cn.Com.U16.CPA@CnCom.Id107225.7944C,DLl_SQru@192.168.1.29@32201
Cn.Com.U16.CPA@CnCom.Id107225.7944C,Cn.Com.U16.CPA@CnCom.Id107225.7944C,DLpp_SQbu@192.168.1.29@32202
Cn.Com.U16.CPA@CnCom.Id107225.7944C,Cn.Com.U16.CPA@CnCom.Id107225.7944C,DLpp_SQru@192.168.1.29@32203
Cn.Com.U16.CPA@CnCom.Id107225.7944C,Cn.Com.U16.CPA@CnCom.Id107225.7944C,DLpp_ZZTA@192.168.1.29@32204
Cn.Com.U16.CPA@CnCom.Id107225.7944C,Cn.Com.U16.CPA@CnCom.Id107225.7944C,DLv_SQbu@192.168.1.29@32205
Cn.Com.U16.CPA@CnCom.Id107225.7944S,Cn.Com.U16.CPA@CnCom.Id107225.7944S,SQag_SQbu@192.168.1.29@32401
Cn.Com.U16.CPA@CnCom.Id107225.7944S,Cn.Com.U16.CPA@CnCom.Id107225.7944S,SQag_SQhc@192.168.1.29@32402
Cn.Com.U16.CPA@CnCom.Id107225.7944S,Cn.Com.U16.CPA@CnCom.Id107225.7944S,SQag_SQru@192.168.1.29@32403
Cn.Com.U16.CPA@CnCom.Id107225.7944S,Cn.Com.U16.CPA@CnCom.Id107225.7944S,SQal_SQag@192.168.1.29@32404
Cn.Com.U16.CPA@CnCom.Id107225.7944S,Cn.Com.U16.CPA@CnCom.Id107225.7944S,SQal_SQbu@192.168.1.29@32405
Cn.Com.U16.CPA@CnCom.Id107225.7944S,Cn.Com.U16.CPA@CnCom.Id107225.7944S,SQal_SQni@192.168.1.29@32406
Cn.Com.U16.CPA@CnCom.Id107225.7944S,Cn.Com.U16.CPA@CnCom.Id107225.7944S,SQau2_SQhc@192.168.1.29@32407
Cn.Com.U16.CPA@CnCom.Id107225.7944S,Cn.Com.U16.CPA@CnCom.Id107225.7944S,SQni_SQag@192.168.1.29@32408
Cn.Com.U16.CPA@CnCom.Id107225.7944S,Cn.Com.U16.CPA@CnCom.Id107225.7944S,SQni_SQbu@192.168.1.29@32409
Cn.Com.U16.CPA@CnCom.Id107225.7944S,Cn.Com.U16.CPA@CnCom.Id107225.7944S,SQni_SQhc@192.168.1.29@32410
Cn.Com.U16.CPA@CnCom.Id107225.7944S,Cn.Com.U16.CPA@CnCom.Id107225.7944S,SQni_SQsn@192.168.1.29@32411
Cn.Com.U16.CPA@CnCom.Id107225.7944S,Cn.Com.U16.CPA@CnCom.Id107225.7944S,SQsn_SQbu@192.168.1.29@32412
Cn.Com.U16.CPA@CnCom.Id107225.7944S,Cn.Com.U16.CPA@CnCom.Id107225.7944S,SQsn_SQhc@192.168.1.29@32413
Cn.Com.U16.CPA@CnCom.Id107225.7944S,Cn.Com.U16.CPA@CnCom.Id107225.7944S,SQsn_SQru@192.168.1.29@32414
Cn.Com.U16.CPA@CnCom.Id107225.7944S,Cn.Com.U16.CPA@CnCom.Id107225.7944S,SQzn_SQbu@192.168.1.29@32415
Cn.Com.U16.CPA@CnCom.Id107226.C,Cn.Com.U16.CPA@CnCom.Id107226.C,DLl_ZZFG@192.168.1.29@32601
Cn.Com.U16.CPA@CnCom.Id107226.C,Cn.Com.U16.CPA@CnCom.Id107226.C,DLpp_ZZMA@192.168.1.29@32602
Cn.Com.U16.CPA@CnCom.Id107226.C,Cn.Com.U16.CPA@CnCom.Id107226.C,SQbu_SQru@192.168.1.29@32603
Cn.Com.U16.CPA@CnCom.Id107226.C,Cn.Com.U16.CPA@CnCom.Id107226.C,SQru_ZZFG@192.168.1.29@32604
Cn.Com.U16.CPA@CnCom.Id107226.M_A,Cn.Com.U16.CPA@CnCom.Id107226.M_A,DLa_ZZSR@192.168.1.29@32801
Cn.Com.U16.CPA@CnCom.Id107226.M_A,Cn.Com.U16.CPA@CnCom.Id107226.M_A,DLcs_ZZCF@192.168.1.29@32802
Cn.Com.U16.CPA@CnCom.Id107226.M_A,Cn.Com.U16.CPA@CnCom.Id107226.M_A,DLjd_DLcs@192.168.1.29@32803
Cn.Com.U16.CPA@CnCom.Id107226.M_A,Cn.Com.U16.CPA@CnCom.Id107226.M_A,DLm_ZZSR@192.168.1.29@32804
Cn.Com.U16.CPA@CnCom.Id107226.M_A,Cn.Com.U16.CPA@CnCom.Id107226.M_A,DLp_DLcs@192.168.1.29@32805
Cn.Com.U16.CPA@CnCom.Id107226.S,Cn.Com.U16.CPA@CnCom.Id107226.S,SQal_SQbu@192.168.1.29@33001
Cn.Com.U16.CPA@CnCom.Id107226.S,Cn.Com.U16.CPA@CnCom.Id107226.S,SQal_SQsn@192.168.1.29@33002
Cn.Com.U16.CPA@CnCom.Id107226.S,Cn.Com.U16.CPA@CnCom.Id107226.S,SQbu_SQru@192.168.1.29@33003
Cn.Com.U16.CPA@CnCom.Id107226.S,Cn.Com.U16.CPA@CnCom.Id107226.S,SQcu_SQhc@192.168.1.29@33004
Cn.Com.U16.CPA@CnCom.Id107226.S,Cn.Com.U16.CPA@CnCom.Id107226.S,SQcu_SQni@192.168.1.29@33005
Cn.Com.U16.CPA@CnCom.Id107226.S,Cn.Com.U16.CPA@CnCom.Id107226.S,SQcu_SQsn@192.168.1.29@33006
Cn.Com.U16.CPA@CnCom.Id107226.S,Cn.Com.U16.CPA@CnCom.Id107226.S,SQni_SQsn@192.168.1.29@33007
Cn.Com.U16.CPA@CnCom.Id107226.S,Cn.Com.U16.CPA@CnCom.Id107226.S,SQzn_SQni@192.168.1.29@33008
Cn.Com.U16.CPA@CnCom.Id107227.C,Cn.Com.U16.CPA@CnCom.Id107227.C,DLl_DLpp@192.168.1.29@33201
Cn.Com.U16.CPA@CnCom.Id107227.C,Cn.Com.U16.CPA@CnCom.Id107227.C,DLpp_SQbu@192.168.1.29@33202
Cn.Com.U16.CPA@CnCom.Id107227.C,Cn.Com.U16.CPA@CnCom.Id107227.C,DLpp_SQru@192.168.1.29@33203
Cn.Com.U16.CPA@CnCom.Id107227.C,Cn.Com.U16.CPA@CnCom.Id107227.C,DLpp_ZZMA@192.168.1.29@33204
Cn.Com.U16.CPA@CnCom.Id107227.C,Cn.Com.U16.CPA@CnCom.Id107227.C,DLpp_ZZTA@192.168.1.29@33205
Cn.Com.U16.CPA@CnCom.Id107227.C,Cn.Com.U16.CPA@CnCom.Id107227.C,DLv_SQbu@192.168.1.29@33206
Cn.Com.U16.CPA@CnCom.Id107227.C,Cn.Com.U16.CPA@CnCom.Id107227.C,DLv_SQru@192.168.1.29@33207
Cn.Com.U16.CPA@CnCom.Id107227.C,Cn.Com.U16.CPA@CnCom.Id107227.C,DLv_ZZTA@192.168.1.29@33208
Cn.Com.U16.CPA@CnCom.Id107227.S,Cn.Com.U16.CPA@CnCom.Id107227.S,SQag_SQbu@192.168.1.29@33401
Cn.Com.U16.CPA@CnCom.Id107227.S,Cn.Com.U16.CPA@CnCom.Id107227.S,SQag_SQhc@192.168.1.29@33402
Cn.Com.U16.CPA@CnCom.Id107227.S,Cn.Com.U16.CPA@CnCom.Id107227.S,SQau2_SQbu@192.168.1.29@33403
Cn.Com.U16.CPA@CnCom.Id107227.S,Cn.Com.U16.CPA@CnCom.Id107227.S,SQau2_SQru@192.168.1.29@33404
Cn.Com.U16.CPA@CnCom.Id107227.S,Cn.Com.U16.CPA@CnCom.Id107227.S,SQbu_SQpb@192.168.1.29@33405
Cn.Com.U16.CPA@CnCom.Id107227.S,Cn.Com.U16.CPA@CnCom.Id107227.S,SQcu_SQau2@192.168.1.29@33406
Cn.Com.U16.CPA@CnCom.Id107227.S,Cn.Com.U16.CPA@CnCom.Id107227.S,SQcu_SQbu@192.168.1.29@33407
Cn.Com.U16.CPA@CnCom.Id107227.S,Cn.Com.U16.CPA@CnCom.Id107227.S,SQcu_SQsn@192.168.1.29@33408
Cn.Com.U16.CPA@CnCom.Id107227.S,Cn.Com.U16.CPA@CnCom.Id107227.S,SQcu_SQzn@192.168.1.29@33409
Cn.Com.U16.CPA@CnCom.Id107227.S,Cn.Com.U16.CPA@CnCom.Id107227.S,SQni_SQag@192.168.1.29@33410
Cn.Com.U16.CPA@CnCom.Id107227.S,Cn.Com.U16.CPA@CnCom.Id107227.S,SQni_SQau2@192.168.1.29@33411
Cn.Com.U16.CPA@CnCom.Id107227.S,Cn.Com.U16.CPA@CnCom.Id107227.S,SQni_SQbu@192.168.1.29@33412
Cn.Com.U16.CPA@CnCom.Id107227.S,Cn.Com.U16.CPA@CnCom.Id107227.S,SQni_SQhc@192.168.1.29@33413
Cn.Com.U16.CPA@CnCom.Id107227.S,Cn.Com.U16.CPA@CnCom.Id107227.S,SQni_SQrb@192.168.1.29@33414
Cn.Com.U16.CPA@CnCom.Id107227.S,Cn.Com.U16.CPA@CnCom.Id107227.S,SQni_SQsn@192.168.1.29@33415
Cn.Com.U16.CPA@CnCom.Id107227.S,Cn.Com.U16.CPA@CnCom.Id107227.S,SQsn_SQbu@192.168.1.29@33416
Cn.Com.U16.CPA@CnCom.Id107227.S,Cn.Com.U16.CPA@CnCom.Id107227.S,SQsn_SQhc@192.168.1.29@33417
Cn.Com.U16.CPA@CnCom.Id107227.S,Cn.Com.U16.CPA@CnCom.Id107227.S,SQsn_SQru@192.168.1.29@33418
Cn.Com.U16.CPA@CnCom.Id107227.S,Cn.Com.U16.CPA@CnCom.Id107227.S,SQzn_SQag@192.168.1.29@33419
Cn.Com.U16.CPA@CnCom.Id107227.S,Cn.Com.U16.CPA@CnCom.Id107227.S,SQzn_SQau2@192.168.1.29@33420
Cn.Com.U16.CPA@CnCom.Id107227.S,Cn.Com.U16.CPA@CnCom.Id107227.S,SQzn_SQbu@192.168.1.29@33421
Cn.Com.U16.CPA@CnCom.Id107227.S,Cn.Com.U16.CPA@CnCom.Id107227.S,SQzn_SQhc@192.168.1.29@33422
Cn.Com.U16.CPA@CnCom.Id107227.S,Cn.Com.U16.CPA@CnCom.Id107227.S,SQzn_SQni@192.168.1.29@33423
Cn.Com.U16.CPA@CnCom.Id107227.S,Cn.Com.U16.CPA@CnCom.Id107227.S,SQzn_SQrb@192.168.1.29@33424
Cn.Com.U16.CPA@CnCom.Id107227.S,Cn.Com.U16.CPA@CnCom.Id107227.S,SQzn_SQru@192.168.1.29@33425
Cn.Com.U16.CPA@CnCom.Id107227.S,Cn.Com.U16.CPA@CnCom.Id107227.S,SQzn_SQsn@192.168.1.29@33426
Cn.Com.U16.CPA@CnCom.Id107233.C_M,Cn.Com.U16.CPA@CnCom.Id107233.C_M,SQag_SQhc@192.168.1.29@33601
Cn.Com.U16.CPA@CnCom.Id107233.C_M,Cn.Com.U16.CPA@CnCom.Id107233.C_M,SQal_SQau2@192.168.1.29@33602
Cn.Com.U16.CPA@CnCom.Id107233.C_M,Cn.Com.U16.CPA@CnCom.Id107233.C_M,SQal_SQhc@192.168.1.29@33603
Cn.Com.U16.CPA@CnCom.Id107233.C_M,Cn.Com.U16.CPA@CnCom.Id107233.C_M,SQau2_SQag@192.168.1.29@33604
Cn.Com.U16.CPA@CnCom.Id107233.C_M,Cn.Com.U16.CPA@CnCom.Id107233.C_M,SQau2_SQpb@192.168.1.29@33605
Cn.Com.U16.CPA@CnCom.Id107233.C_M,Cn.Com.U16.CPA@CnCom.Id107233.C_M,SQcu_SQag@192.168.1.29@33606
Cn.Com.U16.CPA@CnCom.Id107233.C_M,Cn.Com.U16.CPA@CnCom.Id107233.C_M,SQcu_SQau2@192.168.1.29@33607
Cn.Com.U16.CPA@CnCom.Id107233.C_M,Cn.Com.U16.CPA@CnCom.Id107233.C_M,SQcu_SQzn@192.168.1.29@33608
Cn.Com.U16.CPA@CnCom.Id107233.C_M,Cn.Com.U16.CPA@CnCom.Id107233.C_M,SQni_SQpb@192.168.1.29@33609
Cn.Com.U16.CPA@CnCom.Id107233.C_M,Cn.Com.U16.CPA@CnCom.Id107233.C_M,SQni_SQsn@192.168.1.29@33610
Cn.Com.U16.CPA@CnCom.Id107233.C_M,Cn.Com.U16.CPA@CnCom.Id107233.C_M,SQsn_SQag@192.168.1.29@33611
Cn.Com.U16.CPA@CnCom.Id107233.C_M,Cn.Com.U16.CPA@CnCom.Id107233.C_M,SQzn_SQau2@192.168.1.29@33612
Cn.Com.U16.CPA@CnCom.Id107233.D_A,Cn.Com.U16.CPA@CnCom.Id107233.D_A,DLc_ZZCF@192.168.1.29@33801
Cn.Com.U16.CPA@CnCom.Id107233.D_A,Cn.Com.U16.CPA@CnCom.Id107233.D_A,DLc_ZZSR@192.168.1.29@33802
Cn.Com.U16.CPA@CnCom.Id107233.D_A,Cn.Com.U16.CPA@CnCom.Id107233.D_A,DLm_DLjd@192.168.1.29@33803
Cn.Com.U16.CPA@CnCom.Id107233.D_A,Cn.Com.U16.CPA@CnCom.Id107233.D_A,DLm_DLp@192.168.1.29@33804
Cn.Com.U16.CPA@CnCom.Id107233.D_A,Cn.Com.U16.CPA@CnCom.Id107233.D_A,DLm_ZZCF@192.168.1.29@33805
Cn.Com.U16.CPA@CnCom.Id107233.D_A,Cn.Com.U16.CPA@CnCom.Id107233.D_A,DLp_DLcs@192.168.1.29@33806
Cn.Com.U16.CPA@CnCom.Id107233.D_A,Cn.Com.U16.CPA@CnCom.Id107233.D_A,DLp_DLjd@192.168.1.29@33807
Cn.Com.U16.CPA@CnCom.Id107233.D_A,Cn.Com.U16.CPA@CnCom.Id107233.D_A,DLp_DLy@192.168.1.29@33808
Cn.Com.U16.CPA@CnCom.Id107233.D_A,Cn.Com.U16.CPA@CnCom.Id107233.D_A,DLp_ZZCF@192.168.1.29@33809
Cn.Com.U16.CPA@CnCom.Id107233.D_A,Cn.Com.U16.CPA@CnCom.Id107233.D_A,DLy_ZZCF@192.168.1.29@33810
Cn.Com.U17.CPA@CnCom.Id107207.7946B,Cn.Com.U17.CPA@CnCom.Id107207.7946B,DLi_DLj@192.168.1.29@34001
Cn.Com.U17.CPA@CnCom.Id107207.7946B,Cn.Com.U17.CPA@CnCom.Id107207.7946B,DLjm_SQhc@192.168.1.29@34002
Cn.Com.U17.CPA@CnCom.Id107207.7946B,Cn.Com.U17.CPA@CnCom.Id107207.7946B,DLjm_SQrb@192.168.1.29@34003
Cn.Com.U17.CPA@CnCom.Id107207.7946B,Cn.Com.U17.CPA@CnCom.Id107207.7946B,DLjm_ZZTC@192.168.1.29@34004
Cn.Com.U17.CPA@CnCom.Id107207.7946B,Cn.Com.U17.CPA@CnCom.Id107207.7946B,DLj_SQrb@192.168.1.29@34005
Cn.Com.U17.CPA@CnCom.Id107207.7946B,Cn.Com.U17.CPA@CnCom.Id107207.7946B,DLj_ZZTC@192.168.1.29@34006
Cn.Com.U17.CPA@CnCom.Id107207.7946B,Cn.Com.U17.CPA@CnCom.Id107207.7946B,SQrb_ZZTC@192.168.1.29@34007
Cn.Com.U17.CPA@CnCom.Id107207.7946C,Cn.Com.U17.CPA@CnCom.Id107207.7946C,DLl_SQru@192.168.1.29@34201
Cn.Com.U17.CPA@CnCom.Id107207.7946C,Cn.Com.U17.CPA@CnCom.Id107207.7946C,DLpp_SQru@192.168.1.29@34202
Cn.Com.U17.CPA@CnCom.Id107207.7946C,Cn.Com.U17.CPA@CnCom.Id107207.7946C,DLv_SQru@192.168.1.29@34203
Cn.Com.U17.CPA@CnCom.Id107207.7946S,Cn.Com.U17.CPA@CnCom.Id107207.7946S,SQal_SQbu@192.168.1.29@34401
Cn.Com.U17.CPA@CnCom.Id107207.7946S,Cn.Com.U17.CPA@CnCom.Id107207.7946S,SQau2_SQbu@192.168.1.29@34402
Cn.Com.U17.CPA@CnCom.Id107207.7946S,Cn.Com.U17.CPA@CnCom.Id107207.7946S,SQau2_SQhc@192.168.1.29@34403
Cn.Com.U17.CPA@CnCom.Id107207.7946S,Cn.Com.U17.CPA@CnCom.Id107207.7946S,SQau2_SQrb@192.168.1.29@34404
Cn.Com.U17.CPA@CnCom.Id107207.7946S,Cn.Com.U17.CPA@CnCom.Id107207.7946S,SQcu_SQau2@192.168.1.29@34405
Cn.Com.U17.CPA@CnCom.Id107207.7946S,Cn.Com.U17.CPA@CnCom.Id107207.7946S,SQcu_SQhc@192.168.1.29@34406
Cn.Com.U17.CPA@CnCom.Id107207.7946S,Cn.Com.U17.CPA@CnCom.Id107207.7946S,SQcu_SQrb@192.168.1.29@34407
Cn.Com.U17.CPA@CnCom.Id107207.7946S,Cn.Com.U17.CPA@CnCom.Id107207.7946S,SQcu_SQzn@192.168.1.29@34408
Cn.Com.U17.CPA@CnCom.Id107207.7946S,Cn.Com.U17.CPA@CnCom.Id107207.7946S,SQhc_SQbu@192.168.1.29@34409
Cn.Com.U17.CPA@CnCom.Id107207.7946S,Cn.Com.U17.CPA@CnCom.Id107207.7946S,SQsn_SQhc@192.168.1.29@34410
Cn.Com.U17.CPA@CnCom.Id107207.7946S,Cn.Com.U17.CPA@CnCom.Id107207.7946S,SQzn_SQag@192.168.1.29@34411
Cn.Com.U17.CPA@CnCom.Id107207.7946S,Cn.Com.U17.CPA@CnCom.Id107207.7946S,SQzn_SQau2@192.168.1.29@34412
Cn.Com.U17.CPA@CnCom.Id107207.7946S,Cn.Com.U17.CPA@CnCom.Id107207.7946S,SQzn_SQbu@192.168.1.29@34413
Cn.Com.U17.CPA@CnCom.Id107207.7946S,Cn.Com.U17.CPA@CnCom.Id107207.7946S,SQzn_SQni@192.168.1.29@34414
Cn.Com.U17.CPA@CnCom.Id107207.7946S,Cn.Com.U17.CPA@CnCom.Id107207.7946S,SQzn_SQru@192.168.1.29@34415
Cn.Com.U19.CPA@CnCom.Id107208.COT9,Cn.Com.U19.CPA@CnCom.Id107208.COT9,DLa_DLy@192.168.1.29@34601
Cn.Com.U19.CPA@CnCom.Id107208.COT9,Cn.Com.U19.CPA@CnCom.Id107208.COT9,DLc_ZZSR@192.168.1.29@34602
Cn.Com.U19.CPA@CnCom.Id107208.COT9,Cn.Com.U19.CPA@CnCom.Id107208.COT9,DLm_ZZCF@192.168.1.29@34603
Cn.Com.U19.CPA@CnCom.Id107208.COT9,Cn.Com.U19.CPA@CnCom.Id107208.COT9,DLm_ZZSR@192.168.1.29@34604
Cn.Com.U19.CPA@CnCom.Id107208.COT9,Cn.Com.U19.CPA@CnCom.Id107208.COT9,DLy_DLc@192.168.1.29@34605
Cn.Com.U19.CPA@CnCom.Id107208.COT9,Cn.Com.U19.CPA@CnCom.Id107208.COT9,DLy_DLm@192.168.1.29@34606
Cn.Com.U19.CPA@CnCom.Id107208.COT9,Cn.Com.U19.CPA@CnCom.Id107208.COT9,DLy_ZZSR@192.168.1.29@34607
Cn.Com.U19.CPA@CnCom.Id107208.COT9,Cn.Com.U19.CPA@CnCom.Id107208.COT9,SQag_SQcu@192.168.1.29@34608
Cn.Com.U19.CPA@CnCom.Id107208.COT9,Cn.Com.U19.CPA@CnCom.Id107208.COT9,SQau2_SQag@192.168.1.29@34609
Cn.Com.U19.CPA@CnCom.Id107208.COT9,Cn.Com.U19.CPA@CnCom.Id107208.COT9,SQau2_SQcu@192.168.1.29@34610
Cn.Com.U19.CPA@CnCom.Id107208.COT9,Cn.Com.U19.CPA@CnCom.Id107208.COT9,ZZCF_ZZSR@192.168.1.29@34611
Cn.Com.U20.CPA@CnCom.Id107222.IEC,Cn.Com.U20.CPA@CnCom.Id107222.IEC,DLl_DLpp@192.168.1.29@34801
Cn.Com.U20.CPA@CnCom.Id107222.IEC,Cn.Com.U20.CPA@CnCom.Id107222.IEC,DLl_SQru@192.168.1.29@34802
Cn.Com.U20.CPA@CnCom.Id107222.IEC,Cn.Com.U20.CPA@CnCom.Id107222.IEC,DLl_ZZTA@192.168.1.29@34803
Cn.Com.U20.CPA@CnCom.Id107222.IEC,Cn.Com.U20.CPA@CnCom.Id107222.IEC,DLpp_SQbu@192.168.1.29@34804
Cn.Com.U20.CPA@CnCom.Id107222.IEC,Cn.Com.U20.CPA@CnCom.Id107222.IEC,DLpp_SQru@192.168.1.29@34805
Cn.Com.U20.CPA@CnCom.Id107222.IEC,Cn.Com.U20.CPA@CnCom.Id107222.IEC,DLpp_ZZMA@192.168.1.29@34806
Cn.Com.U20.CPA@CnCom.Id107222.IEC,Cn.Com.U20.CPA@CnCom.Id107222.IEC,DLpp_ZZTA@192.168.1.29@34807
Cn.Com.U20.CPA@CnCom.Id107222.IEC,Cn.Com.U20.CPA@CnCom.Id107222.IEC,DLv_SQbu@192.168.1.29@34808
Cn.Com.U20.CPA@CnCom.Id107222.IEC,Cn.Com.U20.CPA@CnCom.Id107222.IEC,DLv_SQru@192.168.1.29@34809
Cn.Com.U20.CPA@CnCom.Id107222.IEC,Cn.Com.U20.CPA@CnCom.Id107222.IEC,DLv_ZZMA@192.168.1.29@34810
Cn.Com.U20.CPA@CnCom.Id107222.IEC,Cn.Com.U20.CPA@CnCom.Id107222.IEC,DLv_ZZTA@192.168.1.29@34811
Cn.Com.U20.CPA@CnCom.Id107222.IES,Cn.Com.U20.CPA@CnCom.Id107222.IES,SQal_SQrb@192.168.1.29@35001
Cn.Com.U20.CPA@CnCom.Id107222.IES,Cn.Com.U20.CPA@CnCom.Id107222.IES,SQcu_SQru@192.168.1.29@35002
Cn.Com.U20.CPA@CnCom.Id107222.IES,Cn.Com.U20.CPA@CnCom.Id107222.IES,SQhc_SQbu@192.168.1.29@35003
Cn.Com.U20.CPA@CnCom.Id107222.IES,Cn.Com.U20.CPA@CnCom.Id107222.IES,SQrb_SQbu@192.168.1.29@35004
Cn.Com.U20.CPA@CnCom.Id107222.IES,Cn.Com.U20.CPA@CnCom.Id107222.IES,SQrb_SQpb@192.168.1.29@35005
Cn.Com.U20.CPA@CnCom.Id107222.IES,Cn.Com.U20.CPA@CnCom.Id107222.IES,SQzn_SQrb@192.168.1.29@35006
Cn.Com.U21.CPA@CnCom.Id107215.T_B,Cn.Com.U21.CPA@CnCom.Id107215.T_B,DLi_DLj@192.168.1.29@35201
Cn.Com.U21.CPA@CnCom.Id107215.T_B,Cn.Com.U21.CPA@CnCom.Id107215.T_B,DLi_ZZSM@192.168.1.29@35202
Cn.Com.U21.CPA@CnCom.Id107215.T_B,Cn.Com.U21.CPA@CnCom.Id107215.T_B,DLjm_DLi@192.168.1.29@35203
Cn.Com.U21.CPA@CnCom.Id107215.T_B,Cn.Com.U21.CPA@CnCom.Id107215.T_B,DLjm_SQhc@192.168.1.29@35204
Cn.Com.U21.CPA@CnCom.Id107215.T_B,Cn.Com.U21.CPA@CnCom.Id107215.T_B,DLjm_SQrb@192.168.1.29@35205
Cn.Com.U21.CPA@CnCom.Id107215.T_B,Cn.Com.U21.CPA@CnCom.Id107215.T_B,DLjm_ZZSF@192.168.1.29@35206
Cn.Com.U21.CPA@CnCom.Id107215.T_B,Cn.Com.U21.CPA@CnCom.Id107215.T_B,DLj_DLi@192.168.1.29@35207
Cn.Com.U21.CPA@CnCom.Id107215.T_B,Cn.Com.U21.CPA@CnCom.Id107215.T_B,DLj_SQhc@192.168.1.29@35208
Cn.Com.U21.CPA@CnCom.Id107215.T_B,Cn.Com.U21.CPA@CnCom.Id107215.T_B,DLj_SQrb@192.168.1.29@35209
Cn.Com.U21.CPA@CnCom.Id107215.T_B,Cn.Com.U21.CPA@CnCom.Id107215.T_B,DLj_ZZSF@192.168.1.29@35210
Cn.Com.U21.CPA@CnCom.Id107215.T_B,Cn.Com.U21.CPA@CnCom.Id107215.T_B,SQhc_DLi@192.168.1.29@35211
Cn.Com.U21.CPA@CnCom.Id107215.T_B,Cn.Com.U21.CPA@CnCom.Id107215.T_B,SQhc_DLj@192.168.1.29@35212
Cn.Com.U21.CPA@CnCom.Id107215.T_B,Cn.Com.U21.CPA@CnCom.Id107215.T_B,SQhc_DLjm@192.168.1.29@35213
Cn.Com.U21.CPA@CnCom.Id107215.T_B,Cn.Com.U21.CPA@CnCom.Id107215.T_B,SQhc_SQrb@192.168.1.29@35214
Cn.Com.U21.CPA@CnCom.Id107215.T_B,Cn.Com.U21.CPA@CnCom.Id107215.T_B,SQhc_ZZSM@192.168.1.29@35215
Cn.Com.U21.CPA@CnCom.Id107215.T_B,Cn.Com.U21.CPA@CnCom.Id107215.T_B,SQrb_DLj@192.168.1.29@35216
Cn.Com.U21.CPA@CnCom.Id107215.T_B,Cn.Com.U21.CPA@CnCom.Id107215.T_B,SQrb_ZZSM@192.168.1.29@35217
Cn.Com.U21.CPA@CnCom.Id107215.T_B,Cn.Com.U21.CPA@CnCom.Id107215.T_B,ZZSF_ZZSM@192.168.1.29@35218
Cn.Com.U21.CPA@CnCom.Id107215.T_B,Cn.Com.U21.CPA@CnCom.Id107215.T_B,ZZSM_DLj@192.168.1.29@35219
Cn.Com.U21.CPA@CnCom.Id107215.T_B,Cn.Com.U21.CPA@CnCom.Id107215.T_B,ZZSM_SQhc@192.168.1.29@35220
Cn.Com.U21.CPA@CnCom.Id107215.T_B,Cn.Com.U21.CPA@CnCom.Id107215.T_B,ZZSM_SQrb@192.168.1.29@35221
Cn.Com.U21.CPA@CnCom.Id107215.T_B,Cn.Com.U21.CPA@CnCom.Id107215.T_B,ZZTC_DLi@192.168.1.29@35222
Cn.Com.U21.CPA@CnCom.Id107215.T_B,Cn.Com.U21.CPA@CnCom.Id107215.T_B,ZZTC_DLj@192.168.1.29@35223
Cn.Com.U21.CPA@CnCom.Id107215.T_B,Cn.Com.U21.CPA@CnCom.Id107215.T_B,ZZTC_DLjm@192.168.1.29@35224
Cn.Com.U21.CPA@CnCom.Id107215.T_B,Cn.Com.U21.CPA@CnCom.Id107215.T_B,ZZTC_SQhc@192.168.1.29@35225
Cn.Com.U21.CPA@CnCom.Id107215.T_B,Cn.Com.U21.CPA@CnCom.Id107215.T_B,ZZTC_SQrb@192.168.1.29@35226
Cn.Com.U21.CPA@CnCom.Id107215.T_B,Cn.Com.U21.CPA@CnCom.Id107215.T_B,ZZTC_ZZSM@192.168.1.29@35227
Cn.Com.U21.CPA@CnCom.Id107215.T_M,Cn.Com.U21.CPA@CnCom.Id107215.T_M,SQal_SQrb@192.168.1.29@35401
Cn.Com.U21.CPA@CnCom.Id107215.T_M,Cn.Com.U21.CPA@CnCom.Id107215.T_M,SQau2_SQag@192.168.1.29@35402
Cn.Com.U21.CPA@CnCom.Id107215.T_M,Cn.Com.U21.CPA@CnCom.Id107215.T_M,SQcu_SQhc@192.168.1.29@35403
Cn.Com.U21.CPA@CnCom.Id107215.T_M,Cn.Com.U21.CPA@CnCom.Id107215.T_M,SQcu_SQrb@192.168.1.29@35404
Cn.Com.U21.CPA@CnCom.Id107215.T_M,Cn.Com.U21.CPA@CnCom.Id107215.T_M,SQhc_SQag@192.168.1.29@35405
Cn.Com.U21.CPA@CnCom.Id107215.T_M,Cn.Com.U21.CPA@CnCom.Id107215.T_M,SQhc_SQau2@192.168.1.29@35406
Cn.Com.U21.CPA@CnCom.Id107215.T_M,Cn.Com.U21.CPA@CnCom.Id107215.T_M,SQhc_SQrb@192.168.1.29@35407
Cn.Com.U21.CPA@CnCom.Id107215.T_M,Cn.Com.U21.CPA@CnCom.Id107215.T_M,SQni_SQhc@192.168.1.29@35408
Cn.Com.U21.CPA@CnCom.Id107215.T_M,Cn.Com.U21.CPA@CnCom.Id107215.T_M,SQni_SQrb@192.168.1.29@35409
Cn.Com.U21.CPA@CnCom.Id107215.T_M,Cn.Com.U21.CPA@CnCom.Id107215.T_M,SQni_SQsn@192.168.1.29@35410
Cn.Com.U21.CPA@CnCom.Id107215.T_M,Cn.Com.U21.CPA@CnCom.Id107215.T_M,SQpb_SQag@192.168.1.29@35411
Cn.Com.U21.CPA@CnCom.Id107215.T_M,Cn.Com.U21.CPA@CnCom.Id107215.T_M,SQpb_SQau2@192.168.1.29@35412
Cn.Com.U21.CPA@CnCom.Id107215.T_M,Cn.Com.U21.CPA@CnCom.Id107215.T_M,SQpb_SQhc@192.168.1.29@35413
Cn.Com.U21.CPA@CnCom.Id107215.T_M,Cn.Com.U21.CPA@CnCom.Id107215.T_M,SQpb_SQrb@192.168.1.29@35414
Cn.Com.U21.CPA@CnCom.Id107215.T_M,Cn.Com.U21.CPA@CnCom.Id107215.T_M,SQzn_SQag@192.168.1.29@35415
Cn.Com.U22.CPA@CnCom.Id107215.APA,Cn.Com.U22.CPA@CnCom.Id107215.APA2,DLcs_DLa@192.168.1.29@35601
Cn.Com.U22.CPA@CnCom.Id107215.APA,Cn.Com.U22.CPA@CnCom.Id107215.APA2,DLcs_DLc@192.168.1.29@35602
Cn.Com.U22.CPA@CnCom.Id107215.APA,Cn.Com.U22.CPA@CnCom.Id107215.APA2,DLcs_DLjd@192.168.1.29@35603
Cn.Com.U22.CPA@CnCom.Id107215.APA,Cn.Com.U22.CPA@CnCom.Id107215.APA2,DLcs_DLm@192.168.1.29@35604
Cn.Com.U22.CPA@CnCom.Id107215.APA,Cn.Com.U22.CPA@CnCom.Id107215.APA2,DLcs_DLp@192.168.1.29@35605
Cn.Com.U22.CPA@CnCom.Id107215.APA,Cn.Com.U22.CPA@CnCom.Id107215.APA2,DLcs_DLy@192.168.1.29@35606
Cn.Com.U22.CPA@CnCom.Id107215.APA,Cn.Com.U22.CPA@CnCom.Id107215.APA2,DLcs_ZZCF@192.168.1.29@35607
Cn.Com.U22.CPA@CnCom.Id107215.APA,Cn.Com.U22.CPA@CnCom.Id107215.APA2,DLcs_ZZOI@192.168.1.29@35608
Cn.Com.U22.CPA@CnCom.Id107215.APA,Cn.Com.U22.CPA@CnCom.Id107215.APA2,DLcs_ZZSR@192.168.1.29@35609
Cn.Com.U22.CPA@CnCom.Id107215.APA,Cn.Com.U22.CPA@CnCom.Id107215.APA2,DLc_ZZSR@192.168.1.29@35610
Cn.Com.U22.CPA@CnCom.Id107215.APA,Cn.Com.U22.CPA@CnCom.Id107215.APA2,DLjd_DLc@192.168.1.29@35611
Cn.Com.U22.CPA@CnCom.Id107215.APA,Cn.Com.U22.CPA@CnCom.Id107215.APA2,DLjd_ZZSR@192.168.1.29@35612
Cn.Com.U22.CPA@CnCom.Id107215.APA,Cn.Com.U22.CPA@CnCom.Id107215.APA2,DLm_DLc@192.168.1.29@35613
Cn.Com.U22.CPA@CnCom.Id107215.APA,Cn.Com.U22.CPA@CnCom.Id107215.APA2,DLm_DLjd@192.168.1.29@35614
Cn.Com.U22.CPA@CnCom.Id107215.APA,Cn.Com.U22.CPA@CnCom.Id107215.APA2,DLm_DLp@192.168.1.29@35615
Cn.Com.U22.CPA@CnCom.Id107215.APA,Cn.Com.U22.CPA@CnCom.Id107215.APA2,DLm_DLy@192.168.1.29@35616
Cn.Com.U22.CPA@CnCom.Id107215.APA,Cn.Com.U22.CPA@CnCom.Id107215.APA2,DLm_ZZSR@192.168.1.29@35617
Cn.Com.U22.CPA@CnCom.Id107215.APA,Cn.Com.U22.CPA@CnCom.Id107215.APA2,DLp_DLcs@192.168.1.29@35618
Cn.Com.U22.CPA@CnCom.Id107215.APA,Cn.Com.U22.CPA@CnCom.Id107215.APA2,DLy_DLc@192.168.1.29@35619
Cn.Com.U22.CPA@CnCom.Id107215.APA,Cn.Com.U22.CPA@CnCom.Id107215.APA2,DLy_DLcs@192.168.1.29@35620
Cn.Com.U22.CPA@CnCom.Id107215.APA,Cn.Com.U22.CPA@CnCom.Id107215.APA2,DLy_ZZSR@192.168.1.29@35621
Cn.Com.U22.CPA@CnCom.Id107215.APA,Cn.Com.U22.CPA@CnCom.Id107215.APA2,ZZOI_DLc@192.168.1.29@35622
Cn.Com.U22.CPA@CnCom.Id107215.APA,Cn.Com.U22.CPA@CnCom.Id107215.APA2,ZZOI_DLcs@192.168.1.29@35623
Cn.Com.U22.CPA@CnCom.Id107215.APA,Cn.Com.U22.CPA@CnCom.Id107215.APA2,ZZOI_DLjd@192.168.1.29@35624
Cn.Com.U22.CPA@CnCom.Id107215.APA,Cn.Com.U22.CPA@CnCom.Id107215.APA2,ZZOI_DLy@192.168.1.29@35625
Cn.Com.U22.CPA@CnCom.Id107215.APA,Cn.Com.U22.CPA@CnCom.Id107215.APA2,ZZOI_ZZCF@192.168.1.29@35626
Cn.Com.U22.CPA@CnCom.Id107215.APA,Cn.Com.U22.CPA@CnCom.Id107215.APA2,ZZOI_ZZSR@192.168.1.29@35627
Cn.Com.U22.CPA@CnCom.Id107215.APA,Cn.Com.U22.CPA@CnCom.Id107215.APA2,ZZRM_DLa@192.168.1.29@35628
Cn.Com.U22.CPA@CnCom.Id107215.APA,Cn.Com.U22.CPA@CnCom.Id107215.APA2,ZZRM_DLc@192.168.1.29@35629
Cn.Com.U22.CPA@CnCom.Id107215.APA,Cn.Com.U22.CPA@CnCom.Id107215.APA2,ZZRM_DLcs@192.168.1.29@35630
Cn.Com.U22.CPA@CnCom.Id107215.APA,Cn.Com.U22.CPA@CnCom.Id107215.APA2,ZZRM_DLjd@192.168.1.29@35631
Cn.Com.U22.CPA@CnCom.Id107215.APA,Cn.Com.U22.CPA@CnCom.Id107215.APA2,ZZRM_DLm@192.168.1.29@35632
Cn.Com.U22.CPA@CnCom.Id107215.APA,Cn.Com.U22.CPA@CnCom.Id107215.APA2,ZZRM_DLp@192.168.1.29@35633
Cn.Com.U22.CPA@CnCom.Id107215.APA,Cn.Com.U22.CPA@CnCom.Id107215.APA2,ZZRM_DLy@192.168.1.29@35634
Cn.Com.U22.CPA@CnCom.Id107215.APA,Cn.Com.U22.CPA@CnCom.Id107215.APA2,ZZRM_ZZCF@192.168.1.29@35635
Cn.Com.U22.CPA@CnCom.Id107215.APA,Cn.Com.U22.CPA@CnCom.Id107215.APA2,ZZRM_ZZOI@192.168.1.29@35636
Cn.Com.U22.CPA@CnCom.Id107215.APA,Cn.Com.U22.CPA@CnCom.Id107215.APA2,ZZRM_ZZSR@192.168.1.29@35637
Cn.Com.U22.CPA@CnCom.Id107215.APA,Cn.Com.U22.CPA@CnCom.Id107215.APA2,ZZSR_DLcs@192.168.1.29@35638
Cn.Com.U22.CPA@CnCom.Id107215.APA,Cn.Com.U22.CPA@CnCom.Id107215.APA2,ZZSR_DLjd@192.168.1.29@35639
Cn.Com.U22.CPA@CnCom.Id107215.APB,Cn.Com.U22.CPA@CnCom.Id107215.APB2,DLcs_DLc@192.168.1.29@35801
Cn.Com.U22.CPA@CnCom.Id107215.APB,Cn.Com.U22.CPA@CnCom.Id107215.APB2,DLcs_DLjd@192.168.1.29@35802
Cn.Com.U22.CPA@CnCom.Id107215.APB,Cn.Com.U22.CPA@CnCom.Id107215.APB2,DLcs_DLp@192.168.1.29@35803
Cn.Com.U22.CPA@CnCom.Id107215.APB,Cn.Com.U22.CPA@CnCom.Id107215.APB2,DLcs_DLy@192.168.1.29@35804
Cn.Com.U22.CPA@CnCom.Id107215.APB,Cn.Com.U22.CPA@CnCom.Id107215.APB2,DLcs_ZZCF@192.168.1.29@35805
Cn.Com.U22.CPA@CnCom.Id107215.APB,Cn.Com.U22.CPA@CnCom.Id107215.APB2,DLcs_ZZOI@192.168.1.29@35806
Cn.Com.U22.CPA@CnCom.Id107215.APB,Cn.Com.U22.CPA@CnCom.Id107215.APB2,DLcs_ZZRM@192.168.1.29@35807
Cn.Com.U22.CPA@CnCom.Id107215.APB,Cn.Com.U22.CPA@CnCom.Id107215.APB2,DLcs_ZZSR@192.168.1.29@35808
Cn.Com.U22.CPA@CnCom.Id107215.APB,Cn.Com.U22.CPA@CnCom.Id107215.APB2,DLc_DLjd@192.168.1.29@35809
Cn.Com.U22.CPA@CnCom.Id107215.APB,Cn.Com.U22.CPA@CnCom.Id107215.APB2,DLc_DLp@192.168.1.29@35810
Cn.Com.U22.CPA@CnCom.Id107215.APB,Cn.Com.U22.CPA@CnCom.Id107215.APB2,DLc_ZZSR@192.168.1.29@35811
Cn.Com.U22.CPA@CnCom.Id107215.APB,Cn.Com.U22.CPA@CnCom.Id107215.APB2,DLm_DLjd@192.168.1.29@35812
Cn.Com.U22.CPA@CnCom.Id107215.APB,Cn.Com.U22.CPA@CnCom.Id107215.APB2,ZZRM_DLa@192.168.1.29@35813
Cn.Com.U22.CPA@CnCom.Id107215.APB,Cn.Com.U22.CPA@CnCom.Id107215.APB2,ZZRM_DLc@192.168.1.29@35814
Cn.Com.U22.CPA@CnCom.Id107215.APB,Cn.Com.U22.CPA@CnCom.Id107215.APB2,ZZRM_DLp@192.168.1.29@35815
Cn.Com.U22.CPA@CnCom.Id107215.APB,Cn.Com.U22.CPA@CnCom.Id107215.APB2,ZZRM_DLy@192.168.1.29@35816
Cn.Com.U22.CPA@CnCom.Id107215.APB,Cn.Com.U22.CPA@CnCom.Id107215.APB2,ZZRM_ZZOI@192.168.1.29@35817
Cn.Com.U22.CPA@CnCom.Id107215.APB,Cn.Com.U22.CPA@CnCom.Id107215.APB2,ZZRM_ZZSR@192.168.1.29@35818
Cn.Com.U22.CPA@CnCom.Id107215.ATC,Cn.Com.U22.CPA@CnCom.Id107215.ATC2,DLa_DLcs@192.168.1.29@36001
Cn.Com.U22.CPA@CnCom.Id107215.ATC,Cn.Com.U22.CPA@CnCom.Id107215.ATC2,DLa_DLp@192.168.1.29@36002
Cn.Com.U22.CPA@CnCom.Id107215.ATC,Cn.Com.U22.CPA@CnCom.Id107215.ATC2,DLa_ZZRM@192.168.1.29@36003
Cn.Com.U22.CPA@CnCom.Id107215.ATC,Cn.Com.U22.CPA@CnCom.Id107215.ATC2,DLa_ZZSR@192.168.1.29@36004
Cn.Com.U22.CPA@CnCom.Id107215.ATC,Cn.Com.U22.CPA@CnCom.Id107215.ATC2,DLcs_DLa@192.168.1.29@36005
Cn.Com.U22.CPA@CnCom.Id107215.ATC,Cn.Com.U22.CPA@CnCom.Id107215.ATC2,DLcs_DLc@192.168.1.29@36006
Cn.Com.U22.CPA@CnCom.Id107215.ATC,Cn.Com.U22.CPA@CnCom.Id107215.ATC2,DLcs_DLjd@192.168.1.29@36007
Cn.Com.U22.CPA@CnCom.Id107215.ATC,Cn.Com.U22.CPA@CnCom.Id107215.ATC2,DLcs_DLm@192.168.1.29@36008
Cn.Com.U22.CPA@CnCom.Id107215.ATC,Cn.Com.U22.CPA@CnCom.Id107215.ATC2,DLcs_DLp@192.168.1.29@36009
Cn.Com.U22.CPA@CnCom.Id107215.ATC,Cn.Com.U22.CPA@CnCom.Id107215.ATC2,DLcs_DLy@192.168.1.29@36010
Cn.Com.U22.CPA@CnCom.Id107215.ATC,Cn.Com.U22.CPA@CnCom.Id107215.ATC2,DLcs_ZZCF@192.168.1.29@36011
Cn.Com.U22.CPA@CnCom.Id107215.ATC,Cn.Com.U22.CPA@CnCom.Id107215.ATC2,DLcs_ZZOI@192.168.1.29@36012
Cn.Com.U22.CPA@CnCom.Id107215.ATC,Cn.Com.U22.CPA@CnCom.Id107215.ATC2,DLcs_ZZRM@192.168.1.29@36013
Cn.Com.U22.CPA@CnCom.Id107215.ATC,Cn.Com.U22.CPA@CnCom.Id107215.ATC2,DLcs_ZZSR@192.168.1.29@36014
Cn.Com.U22.CPA@CnCom.Id107215.ATC,Cn.Com.U22.CPA@CnCom.Id107215.ATC2,DLc_DLjd@192.168.1.29@36015
Cn.Com.U22.CPA@CnCom.Id107215.ATC,Cn.Com.U22.CPA@CnCom.Id107215.ATC2,DLc_DLp@192.168.1.29@36016
Cn.Com.U22.CPA@CnCom.Id107215.ATC,Cn.Com.U22.CPA@CnCom.Id107215.ATC2,DLc_ZZCF@192.168.1.29@36017
Cn.Com.U22.CPA@CnCom.Id107215.ATC,Cn.Com.U22.CPA@CnCom.Id107215.ATC2,DLc_ZZOI@192.168.1.29@36018
Cn.Com.U22.CPA@CnCom.Id107215.ATC,Cn.Com.U22.CPA@CnCom.Id107215.ATC2,DLc_ZZRM@192.168.1.29@36019
Cn.Com.U22.CPA@CnCom.Id107215.ATC,Cn.Com.U22.CPA@CnCom.Id107215.ATC2,DLc_ZZSR@192.168.1.29@36020
Cn.Com.U22.CPA@CnCom.Id107215.ATC,Cn.Com.U22.CPA@CnCom.Id107215.ATC2,DLjd_DLa@192.168.1.29@36021
Cn.Com.U22.CPA@CnCom.Id107215.ATC,Cn.Com.U22.CPA@CnCom.Id107215.ATC2,DLjd_DLp@192.168.1.29@36022
Cn.Com.U22.CPA@CnCom.Id107215.ATC,Cn.Com.U22.CPA@CnCom.Id107215.ATC2,DLjd_ZZCF@192.168.1.29@36023
Cn.Com.U22.CPA@CnCom.Id107215.ATC,Cn.Com.U22.CPA@CnCom.Id107215.ATC2,DLjd_ZZSR@192.168.1.29@36024
Cn.Com.U22.CPA@CnCom.Id107215.ATC,Cn.Com.U22.CPA@CnCom.Id107215.ATC2,DLm_DLa@192.168.1.29@36025
Cn.Com.U22.CPA@CnCom.Id107215.ATC,Cn.Com.U22.CPA@CnCom.Id107215.ATC2,DLm_DLc@192.168.1.29@36026
Cn.Com.U22.CPA@CnCom.Id107215.ATC,Cn.Com.U22.CPA@CnCom.Id107215.ATC2,DLm_DLcs@192.168.1.29@36027
Cn.Com.U22.CPA@CnCom.Id107215.ATC,Cn.Com.U22.CPA@CnCom.Id107215.ATC2,DLm_DLjd@192.168.1.29@36028
Cn.Com.U22.CPA@CnCom.Id107215.ATC,Cn.Com.U22.CPA@CnCom.Id107215.ATC2,DLm_DLp@192.168.1.29@36029
Cn.Com.U22.CPA@CnCom.Id107215.ATC,Cn.Com.U22.CPA@CnCom.Id107215.ATC2,DLm_DLy@192.168.1.29@36030
Cn.Com.U22.CPA@CnCom.Id107215.ATC,Cn.Com.U22.CPA@CnCom.Id107215.ATC2,DLm_ZZOI@192.168.1.29@36031
Cn.Com.U22.CPA@CnCom.Id107215.ATC,Cn.Com.U22.CPA@CnCom.Id107215.ATC2,DLm_ZZSR@192.168.1.29@36032
Cn.Com.U22.CPA@CnCom.Id107215.ATC,Cn.Com.U22.CPA@CnCom.Id107215.ATC2,DLy_DLp@192.168.1.29@36033
Cn.Com.U22.CPA@CnCom.Id107215.ATC,Cn.Com.U22.CPA@CnCom.Id107215.ATC2,ZZCF_DLcs@192.168.1.29@36034
Cn.Com.U22.CPA@CnCom.Id107215.ATC,Cn.Com.U22.CPA@CnCom.Id107215.ATC2,ZZCF_DLjd@192.168.1.29@36035
Cn.Com.U22.CPA@CnCom.Id107215.ATC,Cn.Com.U22.CPA@CnCom.Id107215.ATC2,ZZCF_DLp@192.168.1.29@36036
Cn.Com.U22.CPA@CnCom.Id107215.ATC,Cn.Com.U22.CPA@CnCom.Id107215.ATC2,ZZCF_ZZOI@192.168.1.29@36037
Cn.Com.U22.CPA@CnCom.Id107215.ATC,Cn.Com.U22.CPA@CnCom.Id107215.ATC2,ZZCF_ZZRM@192.168.1.29@36038
Cn.Com.U22.CPA@CnCom.Id107215.ATC,Cn.Com.U22.CPA@CnCom.Id107215.ATC2,ZZCF_ZZSR@192.168.1.29@36039
Cn.Com.U22.CPA@CnCom.Id107215.ATC,Cn.Com.U22.CPA@CnCom.Id107215.ATC2,ZZOI_DLp@192.168.1.29@36040
Cn.Com.U22.CPA@CnCom.Id107215.ATC,Cn.Com.U22.CPA@CnCom.Id107215.ATC2,ZZOI_ZZSR@192.168.1.29@36041
Cn.Com.U22.CPA@CnCom.Id107215.ATC,Cn.Com.U22.CPA@CnCom.Id107215.ATC2,ZZRM_DLa@192.168.1.29@36042
Cn.Com.U22.CPA@CnCom.Id107215.ATC,Cn.Com.U22.CPA@CnCom.Id107215.ATC2,ZZRM_DLc@192.168.1.29@36043
Cn.Com.U22.CPA@CnCom.Id107215.ATC,Cn.Com.U22.CPA@CnCom.Id107215.ATC2,ZZRM_DLcs@192.168.1.29@36044
Cn.Com.U22.CPA@CnCom.Id107215.ATC,Cn.Com.U22.CPA@CnCom.Id107215.ATC2,ZZRM_DLjd@192.168.1.29@36045
Cn.Com.U22.CPA@CnCom.Id107215.ATC,Cn.Com.U22.CPA@CnCom.Id107215.ATC2,ZZRM_DLp@192.168.1.29@36046
Cn.Com.U22.CPA@CnCom.Id107215.ATC,Cn.Com.U22.CPA@CnCom.Id107215.ATC2,ZZRM_DLy@192.168.1.29@36047
Cn.Com.U22.CPA@CnCom.Id107215.ATC,Cn.Com.U22.CPA@CnCom.Id107215.ATC2,ZZRM_ZZCF@192.168.1.29@36048
Cn.Com.U22.CPA@CnCom.Id107215.ATC,Cn.Com.U22.CPA@CnCom.Id107215.ATC2,ZZRM_ZZOI@192.168.1.29@36049
Cn.Com.U22.CPA@CnCom.Id107215.ATC,Cn.Com.U22.CPA@CnCom.Id107215.ATC2,ZZRM_ZZSR@192.168.1.29@36050
Cn.Com.U22.CPA@CnCom.Id107215.MPX,Cn.Com.U22.CPA@CnCom.Id107215.MPX2,SQag_SQal@192.168.1.29@36201
Cn.Com.U22.CPA@CnCom.Id107215.MPX,Cn.Com.U22.CPA@CnCom.Id107215.MPX2,SQag_SQcu@192.168.1.29@36202
Cn.Com.U22.CPA@CnCom.Id107215.MPX,Cn.Com.U22.CPA@CnCom.Id107215.MPX2,SQag_SQhc@192.168.1.29@36203
Cn.Com.U22.CPA@CnCom.Id107215.MPX,Cn.Com.U22.CPA@CnCom.Id107215.MPX2,SQag_SQni@192.168.1.29@36204
Cn.Com.U22.CPA@CnCom.Id107215.MPX,Cn.Com.U22.CPA@CnCom.Id107215.MPX2,SQag_SQpb@192.168.1.29@36205
Cn.Com.U22.CPA@CnCom.Id107215.MPX,Cn.Com.U22.CPA@CnCom.Id107215.MPX2,SQag_SQrb@192.168.1.29@36206
Cn.Com.U22.CPA@CnCom.Id107215.MPX,Cn.Com.U22.CPA@CnCom.Id107215.MPX2,SQag_SQsn@192.168.1.29@36207
Cn.Com.U22.CPA@CnCom.Id107215.MPX,Cn.Com.U22.CPA@CnCom.Id107215.MPX2,SQag_SQzn@192.168.1.29@36208
Cn.Com.U22.CPA@CnCom.Id107215.MPX,Cn.Com.U22.CPA@CnCom.Id107215.MPX2,SQal_SQhc@192.168.1.29@36209
Cn.Com.U22.CPA@CnCom.Id107215.MPX,Cn.Com.U22.CPA@CnCom.Id107215.MPX2,SQal_SQni@192.168.1.29@36210
Cn.Com.U22.CPA@CnCom.Id107215.MPX,Cn.Com.U22.CPA@CnCom.Id107215.MPX2,SQal_SQpb@192.168.1.29@36211
Cn.Com.U22.CPA@CnCom.Id107215.MPX,Cn.Com.U22.CPA@CnCom.Id107215.MPX2,SQal_SQsn@192.168.1.29@36212
Cn.Com.U22.CPA@CnCom.Id107215.MPX,Cn.Com.U22.CPA@CnCom.Id107215.MPX2,SQal_SQzn@192.168.1.29@36213
Cn.Com.U22.CPA@CnCom.Id107215.MPX,Cn.Com.U22.CPA@CnCom.Id107215.MPX2,SQau2_SQcu@192.168.1.29@36214
Cn.Com.U22.CPA@CnCom.Id107215.MPX,Cn.Com.U22.CPA@CnCom.Id107215.MPX2,SQau2_SQhc@192.168.1.29@36215
Cn.Com.U22.CPA@CnCom.Id107215.MPX,Cn.Com.U22.CPA@CnCom.Id107215.MPX2,SQau2_SQni@192.168.1.29@36216
Cn.Com.U22.CPA@CnCom.Id107215.MPX,Cn.Com.U22.CPA@CnCom.Id107215.MPX2,SQau2_SQpb@192.168.1.29@36217
Cn.Com.U22.CPA@CnCom.Id107215.MPX,Cn.Com.U22.CPA@CnCom.Id107215.MPX2,SQau2_SQrb@192.168.1.29@36218
Cn.Com.U22.CPA@CnCom.Id107215.MPX,Cn.Com.U22.CPA@CnCom.Id107215.MPX2,SQau2_SQsn@192.168.1.29@36219
Cn.Com.U22.CPA@CnCom.Id107215.MPX,Cn.Com.U22.CPA@CnCom.Id107215.MPX2,SQau2_SQzn@192.168.1.29@36220
Cn.Com.U22.CPA@CnCom.Id107215.MPX,Cn.Com.U22.CPA@CnCom.Id107215.MPX2,SQcu_SQhc@192.168.1.29@36221
Cn.Com.U22.CPA@CnCom.Id107215.MPX,Cn.Com.U22.CPA@CnCom.Id107215.MPX2,SQcu_SQni@192.168.1.29@36222
Cn.Com.U22.CPA@CnCom.Id107215.MPX,Cn.Com.U22.CPA@CnCom.Id107215.MPX2,SQcu_SQpb@192.168.1.29@36223
Cn.Com.U22.CPA@CnCom.Id107215.MPX,Cn.Com.U22.CPA@CnCom.Id107215.MPX2,SQcu_SQrb@192.168.1.29@36224
Cn.Com.U22.CPA@CnCom.Id107215.MPX,Cn.Com.U22.CPA@CnCom.Id107215.MPX2,SQcu_SQsn@192.168.1.29@36225
Cn.Com.U22.CPA@CnCom.Id107215.MPX,Cn.Com.U22.CPA@CnCom.Id107215.MPX2,SQhc_SQpb@192.168.1.29@36226
Cn.Com.U22.CPA@CnCom.Id107215.MPX,Cn.Com.U22.CPA@CnCom.Id107215.MPX2,SQni_SQal@192.168.1.29@36227
Cn.Com.U22.CPA@CnCom.Id107215.MPX,Cn.Com.U22.CPA@CnCom.Id107215.MPX2,SQni_SQcu@192.168.1.29@36228
Cn.Com.U22.CPA@CnCom.Id107215.MPX,Cn.Com.U22.CPA@CnCom.Id107215.MPX2,SQni_SQhc@192.168.1.29@36229
Cn.Com.U22.CPA@CnCom.Id107215.MPX,Cn.Com.U22.CPA@CnCom.Id107215.MPX2,SQni_SQpb@192.168.1.29@36230
Cn.Com.U22.CPA@CnCom.Id107215.MPX,Cn.Com.U22.CPA@CnCom.Id107215.MPX2,SQni_SQrb@192.168.1.29@36231
Cn.Com.U22.CPA@CnCom.Id107215.MPX,Cn.Com.U22.CPA@CnCom.Id107215.MPX2,SQni_SQsn@192.168.1.29@36232
Cn.Com.U22.CPA@CnCom.Id107215.MPX,Cn.Com.U22.CPA@CnCom.Id107215.MPX2,SQni_SQzn@192.168.1.29@36233
Cn.Com.U22.CPA@CnCom.Id107215.MPX,Cn.Com.U22.CPA@CnCom.Id107215.MPX2,SQpb_SQhc@192.168.1.29@36234
Cn.Com.U22.CPA@CnCom.Id107215.MPX,Cn.Com.U22.CPA@CnCom.Id107215.MPX2,SQpb_SQni@192.168.1.29@36235
Cn.Com.U22.CPA@CnCom.Id107215.MPX,Cn.Com.U22.CPA@CnCom.Id107215.MPX2,SQpb_SQsn@192.168.1.29@36236
Cn.Com.U22.CPA@CnCom.Id107215.MPX,Cn.Com.U22.CPA@CnCom.Id107215.MPX2,SQsn_SQag@192.168.1.29@36237
Cn.Com.U22.CPA@CnCom.Id107215.MPX,Cn.Com.U22.CPA@CnCom.Id107215.MPX2,SQsn_SQal@192.168.1.29@36238
Cn.Com.U22.CPA@CnCom.Id107215.MPX,Cn.Com.U22.CPA@CnCom.Id107215.MPX2,SQsn_SQcu@192.168.1.29@36239
Cn.Com.U22.CPA@CnCom.Id107215.MPX,Cn.Com.U22.CPA@CnCom.Id107215.MPX2,SQsn_SQhc@192.168.1.29@36240
Cn.Com.U22.CPA@CnCom.Id107215.MPX,Cn.Com.U22.CPA@CnCom.Id107215.MPX2,SQsn_SQni@192.168.1.29@36241
Cn.Com.U22.CPA@CnCom.Id107215.MPX,Cn.Com.U22.CPA@CnCom.Id107215.MPX2,SQsn_SQpb@192.168.1.29@36242
Cn.Com.U22.CPA@CnCom.Id107215.MPX,Cn.Com.U22.CPA@CnCom.Id107215.MPX2,SQsn_SQrb@192.168.1.29@36243
Cn.Com.U22.CPA@CnCom.Id107215.MPX,Cn.Com.U22.CPA@CnCom.Id107215.MPX2,SQsn_SQzn@192.168.1.29@36244
Cn.Com.U22.CPA@CnCom.Id107215.MPX,Cn.Com.U22.CPA@CnCom.Id107215.MPX2,SQzn_SQhc@192.168.1.29@36245
Cn.Com.U22.CPA@CnCom.Id107215.MPX,Cn.Com.U22.CPA@CnCom.Id107215.MPX2,SQzn_SQni@192.168.1.29@36246
Cn.Com.U22.CPA@CnCom.Id107215.MPX,Cn.Com.U22.CPA@CnCom.Id107215.MPX2,SQzn_SQpb@192.168.1.29@36247
Cn.Com.U22.CPA@CnCom.Id107215.MPX,Cn.Com.U22.CPA@CnCom.Id107215.MPX2,SQzn_SQsn@192.168.1.29@36248
Cn.Com.U25.CPA@CnCom.Id107220.PMC_M,Cn.Com.U25.CPA@CnCom.Id107220.PMC_M,SQag_SQal@192.168.1.29@36401
Cn.Com.U25.CPA@CnCom.Id107220.PMC_M,Cn.Com.U25.CPA@CnCom.Id107220.PMC_M,SQag_SQau2@192.168.1.29@36402
Cn.Com.U25.CPA@CnCom.Id107220.PMC_M,Cn.Com.U25.CPA@CnCom.Id107220.PMC_M,SQag_SQhc@192.168.1.29@36403
Cn.Com.U25.CPA@CnCom.Id107220.PMC_M,Cn.Com.U25.CPA@CnCom.Id107220.PMC_M,SQag_SQrb@192.168.1.29@36404
Cn.Com.U25.CPA@CnCom.Id107220.PMC_M,Cn.Com.U25.CPA@CnCom.Id107220.PMC_M,SQag_SQsn@192.168.1.29@36405
Cn.Com.U25.CPA@CnCom.Id107220.PMC_M,Cn.Com.U25.CPA@CnCom.Id107220.PMC_M,SQau2_SQal@192.168.1.29@36406
Cn.Com.U25.CPA@CnCom.Id107220.PMC_M,Cn.Com.U25.CPA@CnCom.Id107220.PMC_M,SQau2_SQhc@192.168.1.29@36407
Cn.Com.U25.CPA@CnCom.Id107220.PMC_M,Cn.Com.U25.CPA@CnCom.Id107220.PMC_M,SQcu_SQal@192.168.1.29@36408
Cn.Com.U25.CPA@CnCom.Id107220.PMC_M,Cn.Com.U25.CPA@CnCom.Id107220.PMC_M,SQcu_SQhc@192.168.1.29@36409
Cn.Com.U25.CPA@CnCom.Id107220.PMC_M,Cn.Com.U25.CPA@CnCom.Id107220.PMC_M,SQhc_SQrb@192.168.1.29@36410
Cn.Com.U25.CPA@CnCom.Id107220.PMC_M,Cn.Com.U25.CPA@CnCom.Id107220.PMC_M,SQni_SQal@192.168.1.29@36411
Cn.Com.U25.CPA@CnCom.Id107220.PMC_M,Cn.Com.U25.CPA@CnCom.Id107220.PMC_M,SQni_SQau2@192.168.1.29@36412
Cn.Com.U25.CPA@CnCom.Id107220.PMC_M,Cn.Com.U25.CPA@CnCom.Id107220.PMC_M,SQni_SQcu@192.168.1.29@36413
Cn.Com.U25.CPA@CnCom.Id107220.PMC_M,Cn.Com.U25.CPA@CnCom.Id107220.PMC_M,SQni_SQhc@192.168.1.29@36414
Cn.Com.U25.CPA@CnCom.Id107220.PMC_M,Cn.Com.U25.CPA@CnCom.Id107220.PMC_M,SQni_SQrb@192.168.1.29@36415
Cn.Com.U25.CPA@CnCom.Id107220.PMC_M,Cn.Com.U25.CPA@CnCom.Id107220.PMC_M,SQni_SQsn@192.168.1.29@36416
Cn.Com.U25.CPA@CnCom.Id107220.PMC_M,Cn.Com.U25.CPA@CnCom.Id107220.PMC_M,SQni_SQzn@192.168.1.29@36417
Cn.Com.U25.CPA@CnCom.Id107220.PMC_M,Cn.Com.U25.CPA@CnCom.Id107220.PMC_M,SQpb_SQag@192.168.1.29@36418
Cn.Com.U25.CPA@CnCom.Id107220.PMC_M,Cn.Com.U25.CPA@CnCom.Id107220.PMC_M,SQpb_SQal@192.168.1.29@36419
Cn.Com.U25.CPA@CnCom.Id107220.PMC_M,Cn.Com.U25.CPA@CnCom.Id107220.PMC_M,SQpb_SQau2@192.168.1.29@36420
Cn.Com.U25.CPA@CnCom.Id107220.PMC_M,Cn.Com.U25.CPA@CnCom.Id107220.PMC_M,SQpb_SQcu@192.168.1.29@36421
Cn.Com.U25.CPA@CnCom.Id107220.PMC_M,Cn.Com.U25.CPA@CnCom.Id107220.PMC_M,SQpb_SQhc@192.168.1.29@36422
Cn.Com.U25.CPA@CnCom.Id107220.PMC_M,Cn.Com.U25.CPA@CnCom.Id107220.PMC_M,SQpb_SQni@192.168.1.29@36423
Cn.Com.U25.CPA@CnCom.Id107220.PMC_M,Cn.Com.U25.CPA@CnCom.Id107220.PMC_M,SQpb_SQrb@192.168.1.29@36424
Cn.Com.U25.CPA@CnCom.Id107220.PMC_M,Cn.Com.U25.CPA@CnCom.Id107220.PMC_M,SQpb_SQsn@192.168.1.29@36425
Cn.Com.U25.CPA@CnCom.Id107220.PMC_M,Cn.Com.U25.CPA@CnCom.Id107220.PMC_M,SQsn_SQag@192.168.1.29@36426
Cn.Com.U25.CPA@CnCom.Id107220.PMC_M,Cn.Com.U25.CPA@CnCom.Id107220.PMC_M,SQsn_SQal@192.168.1.29@36427
Cn.Com.U25.CPA@CnCom.Id107220.PMC_M,Cn.Com.U25.CPA@CnCom.Id107220.PMC_M,SQsn_SQau2@192.168.1.29@36428
Cn.Com.U25.CPA@CnCom.Id107220.PMC_M,Cn.Com.U25.CPA@CnCom.Id107220.PMC_M,SQsn_SQhc@192.168.1.29@36429
Cn.Com.U25.CPA@CnCom.Id107220.PMC_M,Cn.Com.U25.CPA@CnCom.Id107220.PMC_M,SQsn_SQrb@192.168.1.29@36430
Cn.Com.U25.CPA@CnCom.Id107220.PMC_M,Cn.Com.U25.CPA@CnCom.Id107220.PMC_M,SQzn_SQal@192.168.1.29@36431
Cn.Com.U25.CPA@CnCom.Id107220.PMC_M,Cn.Com.U25.CPA@CnCom.Id107220.PMC_M,SQzn_SQau2@192.168.1.29@36432
Cn.Com.U25.CPA@CnCom.Id107220.PMC_M,Cn.Com.U25.CPA@CnCom.Id107220.PMC_M,SQzn_SQcu@192.168.1.29@36433
Cn.Com.U25.CPA@CnCom.Id107220.PMC_M,Cn.Com.U25.CPA@CnCom.Id107220.PMC_M,SQzn_SQhc@192.168.1.29@36434
Cn.Com.U25.CPA@CnCom.Id107220.PMC_M,Cn.Com.U25.CPA@CnCom.Id107220.PMC_M,SQzn_SQni@192.168.1.29@36435
Cn.Com.U25.CPA@CnCom.Id107220.PMC_M,Cn.Com.U25.CPA@CnCom.Id107220.PMC_M,SQzn_SQrb@192.168.1.29@36436
Cn.Com.U25.CPA@CnCom.Id107220.PMC_M,Cn.Com.U25.CPA@CnCom.Id107220.PMC_M,SQzn_SQsn@192.168.1.29@36437
