,Id,Type,Name,DataType,TradingType,ModelId,TradingRange
0,ApUsIndex.Pattern.T2N,Global.All.60B.Pattern,ApUsIndex.X.T2N,60B,Pattern,X.T2N,Global.All
1,ApUsIndex.Pattern.T2S,Global.All.60B.Pattern,ApUsIndex.X.T2S,60B,Pattern,X.T2S,Global.All
2,Asia.Id007909.Pattern.N,Global.All.60B.Pattern,AsiaIndex.Id007909.N,60B,Pattern,Id007909,Global.All
3,Asia.Id007909.Pattern.S,Global.All.60B.Pattern,AsiaIndex.Id007909.S,60B,Pattern,Id007909,Global.All
4,China.Bonds.Pattern.T2N,Cn.Bonds.60B.Pattern,CnBonds.X.T2N,60B,Pattern,X.T2N,Cn.Bonds
5,China.Bonds.Pattern.T2S,Cn.Bonds.60B.Pattern,CnBonds.X.T2S,60B,Pattern,X.T2S,Cn.Bonds
6,China.Commodities.Id002022E,Cn.Com.60B.Pattern,CnCom.Id002022.E,60B,Pattern,Id002022,Cn.Com
7,China.Commodities.Id007101,Cn.Com.U16.Pattern,CnCom.Id007101.X,U16,Pattern,Id007101,Cn.Com
8,China.Commodities.Id107201,Cn.Com.U16.CPA,CnCom.Id107201.X,U16,CPA,Id107201,Cn.Com
9,China.Commodities.Id107202,Cn.Com.U16.CPA,CnCom.Id107202.X,U16,CPA,Id107202,Cn.Com
10,China.Commodities.Id107203,Cn.Com.U16.CPA,CnCom.Id107203.X,U16,CPA,Id107203,Cn.Com
11,China.Commodities.Id107204,Cn.Com.U16.CPA,CnCom.Id107204.X,U16,CPA,Id107204,Cn.Com
12,China.Commodities.Id107206.CA,Cn.Com.U16.CPA,CnCom.Id107206.CA,U16,CPA,Id107206,Cn.Com
13,China.Commodities.Id107206.CB,Cn.Com.U16.CPA,CnCom.Id107206.CB,U16,CPA,Id107206,Cn.Com
14,China.Commodities.Id107206.MA,Cn.Com.U16.CPA,CnCom.Id107206.MA,U16,CPA,Id107206,Cn.Com
15,China.Commodities.Id107206.MB,Cn.Com.U16.CPA,CnCom.Id107206.MB,U16,CPA,Id107206,Cn.Com
16,China.Commodities.Id107206.PA,Cn.Com.U16.CPA,CnCom.Id107206.PA,U16,CPA,Id107206,Cn.Com
17,China.Commodities.Id107206.PB,Cn.Com.U16.CPA,CnCom.Id107206.PB,U16,CPA,Id107206,Cn.Com
18,China.Commodities.Pattern.N2,Cn.Com.60B.Pattern,CnCom.X.N2,60B,Pattern,X.N2,Cn.Com
19,China.Commodities.Pattern.S,Cn.Com.60B.Pattern,CnCom.X.S,60B,Pattern,X.S,Cn.Com
20,China.Commodities.Pattern.T2N,Cn.Com.60B.Pattern,CnCom.X.T2N,60B,Pattern,X.T2N,Cn.Com
21,China.Commodities.Pattern.T2S,Cn.Com.60B.Pattern,CnCom.X.T2S,60B,Pattern,X.T2S,Cn.Com
22,China.Cpa.929_80,Cn.Com.60B.CPA,CnCom.X.929_80,60B,CPA,X.929_80,Cn.Com
23,China.Cpa.Pf81,Cn.Com.60B.CPA,CnCom.X.Pf81,60B,CPA,X.Pf81,Cn.Com
24,China.Cpa.Pf82,Cn.Com.60B.CPA,CnCom.X.Pf82,60B,CPA,X.Pf82,Cn.Com
25,China.Cpa.Pf83,Cn.Com.60B.CPA,CnCom.X.Pf83,60B,CPA,X.Pf83,Cn.Com
26,China.CSI.Id507107,Cn.Csi.Tick.Pattern,CnCsi.Id507107.X,Tick,Pattern,Id507107,Cn.Csi
27,China.CSI.Id507111,Cn.Csi.Tick.Pattern,CnCsi.Id507111.X,Tick,Pattern,Id507111,Cn.Csi
28,China.CSI.Pattern.T2N,Cn.Csi.60B.Pattern,CnCsi.X.T2N,60B,Pattern,X.T2N,Cn.Csi
29,China.CSI.Pattern.T2S,Cn.Csi.60B.Pattern,CnCsi.X.T2S,60B,Pattern,X.T2S,Cn.Csi
30,China.CSI300.A1500s,Cn.Csi.60B.Pattern,CnCsi.X.A1500s_Csi300,60B,Pattern,X.A1500s_Csi300,Cn.Csi
31,China.CSI300.Id007032,Cn.Csi.60B.Pattern,CnCsi.Id007032.Csi300,60B,Pattern,Id007032,Cn.Csi
32,China.CSI500.A1500s,Cn.Csi.60B.Pattern,CnCsi.X.A1500s_Csi500,60B,Pattern,X.A1500s_Csi500,Cn.Csi
33,China.CSI500.Id007032,Cn.Csi.60B.Pattern,CnCsi.Id007032.Csi500,60B,Pattern,Id007032,Cn.Csi
34,China.CSI500.Id507105,Cn.Csi.Tick.Pattern,CnCsi.Id507105.X,Tick,Pattern,Id507105,Cn.Csi
35,China.CSI500.Intraday.T,Cn.Csi.60B.Pattern,CnCsi.X.T_Csi500,60B,Pattern,X.T_Csi500,Cn.Csi
36,China.SSE50.A1500s,Cn.Csi.60B.Pattern,CnCsi.X.A1500s_Sse50,60B,Pattern,X.A1500s_Sse50,Cn.Csi
37,Cn.All.60.PairX(CalArb)@CnCom.Id807002.CnComCal,Cn.All.60.PairX(CalArb),CnCom.Id807002.CnComCal,60,PairX(CalArb),Id807002,Cn.All
38,Cn.All.60.PairX(CalArb)@CnCom.Id807012.CnComCal,Cn.All.60.PairX(CalArb),CnCom.Id807012.CnComCal,60,PairX(CalArb),Id807012,Cn.All
39,Cn.All.60.PairX(CalArb)@CnCom.Id807012.IhIfIcCal,Cn.All.60.PairX(CalArb),CnCom.Id807012.IhIfIcCal,60,PairX(CalArb),Id807012,Cn.All
40,Cn.All.60.PairX(CalArb)@CnCom.Id807012.ScCalAll,Cn.All.60.PairX(CalArb),CnCom.Id807012.ScCalAll,60,PairX(CalArb),Id807012,Cn.All
41,Cn.All.60.PairX(CalArb)@CnCom.Id807012.ScCalAllN,Cn.All.60.PairX(CalArb),CnCom.Id807012.ScCalAllN,60,PairX(CalArb),Id807012,Cn.All
42,Cn.All.60.PairX(CalArb)@CnCom.Id807035.CalArbAll2,Cn.All.60.PairX(CalArb),CnCom.Id807035.CalArbAll2,60,PairX(CalArb),Id807035,Cn.All
43,Cn.All.60.PairX(CalArb)@CnCom.Id807035.CalArbAll2N,Cn.All.60.PairX(CalArb),CnCom.Id807035.CalArbAll2N,60,PairX(CalArb),Id807035,Cn.All
44,Cn.All.60.PairX(CalArb)@CnCom.Id807035.TtTf2All,Cn.All.60.PairX(CalArb),CnCom.Id807035.TtTf2All,60,PairX(CalArb),Id807035,Cn.All
45,Cn.All.60.PairX(CalArb)@CnFutures.Id807035.CalArb,Cn.All.60.PairX(CalArb),CnFutures.Id807035.CalArb,60,PairX(CalArb),Id807035,Cn.All
46,Cn.All.60B.PairX(MFA)@Cn.Id807012.CnComS3L1,Cn.All.60B.PairX(MFA),Cn.Id807012.CnComS3L1,60B,PairX(MFA),Id807012,Cn.All
47,Cn.All.60B.PairX(MFA)@Cn.Id807012.CnComV4L1,Cn.All.60B.PairX(MFA),Cn.Id807012.CnComV4L1,60B,PairX(MFA),Id807012,Cn.All
48,Cn.All.60B.PairX(MFA)@Cn.Id807012.CnLmeAllL1N,Cn.All.60B.PairX(MFA),Cn.Id807012.CnLmeAllL1N,60B,PairX(MFA),Id807012,Cn.All
49,Cn.All.60B.PairX(MFA)@Cn.Id807015.MFA_CnComV6,Cn.All.60B.PairX(MFA),Cn.Id807015.MFA_CnComV6,60B,PairX(MFA),Id807015,Cn.All
50,Cn.All.60B.PairX(MFA)@Cn.Id807015.MFA_CnComV6N,Cn.All.60B.PairX(MFA),Cn.Id807015.MFA_CnComV6N,60B,PairX(MFA),Id807015,Cn.All
51,Cn.All.60B.PairX(MFA)@Cn.Id807035.All_AN,Cn.All.60B.PairX(MFA),Cn.Id807035.All_AN,60B,PairX(MFA),Id807035,Cn.All
52,Cn.All.60B.PairX(MFA)@Cn.Id807035.All_BN,Cn.All.60B.PairX(MFA),Cn.Id807035.All_BN,60B,PairX(MFA),Id807035,Cn.All
53,Cn.All.60B.PairX(MFA)@Cn.Id807035.All_CN,Cn.All.60B.PairX(MFA),Cn.Id807035.All_CN,60B,PairX(MFA),Id807035,Cn.All
54,Cn.All.60B.PairX(MFA)@Cn.Id807035.All_MN,Cn.All.60B.PairX(MFA),Cn.Id807035.All_MN,60B,PairX(MFA),Id807035,Cn.All
55,Cn.All.60B.PairX(MFA)@Cn.Id807035.MFA_T0_A,Cn.All.60B.PairX(MFA),Cn.Id807035.MFA_T0_A,60B,PairX(MFA),Id807035,Cn.All
56,Cn.All.60B.PairX(MFA)@Cn.Id807035.MFA_T0_B,Cn.All.60B.PairX(MFA),Cn.Id807035.MFA_T0_B,60B,PairX(MFA),Id807035,Cn.All
57,Cn.All.60B.PairX(MFA)@Cn.Id807035.MFA_T0_C,Cn.All.60B.PairX(MFA),Cn.Id807035.MFA_T0_C,60B,PairX(MFA),Id807035,Cn.All
58,Cn.All.60B.PairX(MFA)@Cn.Id807035.MFA_T0_M,Cn.All.60B.PairX(MFA),Cn.Id807035.MFA_T0_M,60B,PairX(MFA),Id807035,Cn.All
59,Cn.All.60B.PairX(MFA)@Cn.Id807035.MFA_T1_A,Cn.All.60B.PairX(MFA),Cn.Id807035.MFA_T1_A,60B,PairX(MFA),Id807035,Cn.All
60,Cn.All.60B.PairX(MFA)@Cn.Id807035.MFA_T1_B,Cn.All.60B.PairX(MFA),Cn.Id807035.MFA_T1_B,60B,PairX(MFA),Id807035,Cn.All
61,Cn.All.60B.PairX(MFA)@Cn.Id807035.MFA_T1_C,Cn.All.60B.PairX(MFA),Cn.Id807035.MFA_T1_C,60B,PairX(MFA),Id807035,Cn.All
62,Cn.All.60B.PairX(MFA)@Cn.Id807035.MFA_T1_M,Cn.All.60B.PairX(MFA),Cn.Id807035.MFA_T1_M,60B,PairX(MFA),Id807035,Cn.All
63,Cn.All.60B.PairX(MFA)@Cn.Id807048.IcStkAll_T1L1,Cn.All.60B.PairX(MFA),Cn.Id807048.IcStkAll_T1L1,60B,PairX(MFA),Id807048,Cn.All
64,Cn.All.60B.PairX(MFA)@Cn.Id807062.IcStkAll_T1L1,Cn.All.60B.PairX(MFA),Cn.Id807062.IcStkAll_T1L1,60B,PairX(MFA),Id807062,Cn.All
65,Cn.All.60B.PairX(MFA)@CnCom.Id807002.WxNiSL1,Cn.All.60B.PairX(MFA),CnCom.Id807002.WxNiSL1,60B,PairX(MFA),Id807002,Cn.All
66,Cn.All.60B.PairX(MFA)@CnCom.Id807002.WxNiSL1N,Cn.All.60B.PairX(MFA),CnCom.Id807002.WxNiSL1N,60B,PairX(MFA),Id807002,Cn.All
67,Cn.All.60B.PairX(MFA)@CnCom.Id807012.BuFu3_V5L1,Cn.All.60B.PairX(MFA),CnCom.Id807012.BuFu3_V5L1,60B,PairX(MFA),Id807012,Cn.All
68,Cn.All.60B.PairX(MFA)@CnCom.Id807012.BuFu3_V5L1N,Cn.All.60B.PairX(MFA),CnCom.Id807012.BuFu3_V5L1N,60B,PairX(MFA),Id807012,Cn.All
69,Cn.All.60B.PairX(MFA)@CnCom.Id807012.CnC2Oil,Cn.All.60B.PairX(MFA),CnCom.Id807012.CnC2Oil,60B,PairX(MFA),Id807012,Cn.All
70,Cn.All.60B.PairX(MFA)@CnCom.Id807012.CnC2OilN,Cn.All.60B.PairX(MFA),CnCom.Id807012.CnC2OilN,60B,PairX(MFA),Id807012,Cn.All
71,Cn.All.60B.PairX(MFA)@CnCom.Id807012.CnCmeA_V5L1,Cn.All.60B.PairX(MFA),CnCom.Id807012.CnCmeA_V5L1,60B,PairX(MFA),Id807012,Cn.All
72,Cn.All.60B.PairX(MFA)@CnCom.Id807012.CnCmeA_V5L1N,Cn.All.60B.PairX(MFA),CnCom.Id807012.CnCmeA_V5L1N,60B,PairX(MFA),Id807012,Cn.All
73,Cn.All.60B.PairX(MFA)@CnCom.Id807012.CnOilSL1N,Cn.All.60B.PairX(MFA),CnCom.Id807012.CnOilSL1N,60B,PairX(MFA),Id807012,Cn.All
74,Cn.All.60B.PairX(MFA)@CnCom.Id807012.EgTa3V7S,Cn.All.60B.PairX(MFA),CnCom.Id807012.EgTa3V7S,60B,PairX(MFA),Id807012,Cn.All
75,Cn.All.60B.PairX(MFA)@CnCom.Id807012.IhIf_V3,Cn.All.60B.PairX(MFA),CnCom.Id807012.IhIf_V3,60B,PairX(MFA),Id807012,Cn.All
76,Cn.All.60B.PairX(MFA)@CnCom.Id807012.IhIfcV3L1,Cn.All.60B.PairX(MFA),CnCom.Id807012.IhIfcV3L1,60B,PairX(MFA),Id807012,Cn.All
77,Cn.All.60B.PairX(MFA)@CnCom.Id807012.IhIfGlbL1,Cn.All.60B.PairX(MFA),CnCom.Id807012.IhIfGlbL1,60B,PairX(MFA),Id807012,Cn.All
78,Cn.All.60B.PairX(MFA)@CnCom.Id807012.MaTa3V7S,Cn.All.60B.PairX(MFA),CnCom.Id807012.MaTa3V7S,60B,PairX(MFA),Id807012,Cn.All
79,Cn.All.60B.PairX(MFA)@CnCom.Id807012.MFA_Oil_V5,Cn.All.60B.PairX(MFA),CnCom.Id807012.MFA_Oil_V5,60B,PairX(MFA),Id807012,Cn.All
80,Cn.All.60B.PairX(MFA)@CnCom.Id807012.MFA_Oil_V5N,Cn.All.60B.PairX(MFA),CnCom.Id807012.MFA_Oil_V5N,60B,PairX(MFA),Id807012,Cn.All
81,Cn.All.60B.PairX(MFA)@CnCom.Id807012.ScBz3_V5L1,Cn.All.60B.PairX(MFA),CnCom.Id807012.ScBz3_V5L1,60B,PairX(MFA),Id807012,Cn.All
82,Cn.All.60B.PairX(MFA)@CnCom.Id807012.ScBz3_V5L1N,Cn.All.60B.PairX(MFA),CnCom.Id807012.ScBz3_V5L1N,60B,PairX(MFA),Id807012,Cn.All
83,Cn.All.60B.PairX(MFA)@CnCom.Id807012.ScClBzV6,Cn.All.60B.PairX(MFA),CnCom.Id807012.ScClBzV6,60B,PairX(MFA),Id807012,Cn.All
84,Cn.All.60B.PairX(MFA)@CnCom.Id807012.ScClBzV6N,Cn.All.60B.PairX(MFA),CnCom.Id807012.ScClBzV6N,60B,PairX(MFA),Id807012,Cn.All
85,Cn.All.60B.PairX(MFA)@CnCom.Id807012.SQniWxNi,Cn.All.60B.PairX(MFA),CnCom.Id807012.SQniWxNi,60B,PairX(MFA),Id807012,Cn.All
86,Cn.All.60B.PairX(MFA)@CnCom.Id807012.SQniWxNiN,Cn.All.60B.PairX(MFA),CnCom.Id807012.SQniWxNiN,60B,PairX(MFA),Id807012,Cn.All
87,Cn.All.60B.PairX(MFA)@CnCom.Id807012.WxNiSL1,Cn.All.60B.PairX(MFA),CnCom.Id807012.WxNiSL1,60B,PairX(MFA),Id807012,Cn.All
88,Cn.All.60B.PairX(MFA)@CnCom.Id807012.WxNiSL1N,Cn.All.60B.PairX(MFA),CnCom.Id807012.WxNiSL1N,60B,PairX(MFA),Id807012,Cn.All
89,Cn.All.60B.PairX(MFA)@CnCom.Id807013.TtTf,Cn.All.60B.PairX(MFA),CnCom.Id807013.TtTf,60B,PairX(MFA),Id807013,Cn.All
90,Cn.All.60B.PairX(MFA)@CnCom.Id807035.CnOil_All,Cn.All.60B.PairX(MFA),CnCom.Id807035.CnOil_All,60B,PairX(MFA),Id807035,Cn.All
91,Cn.All.60B.PairX(MFA)@CnCom.Id807035.CnOil_AllN,Cn.All.60B.PairX(MFA),CnCom.Id807035.CnOil_AllN,60B,PairX(MFA),Id807035,Cn.All
92,Cn.All.60B.PairX(MFA)@CnCom.Id807038.Adv_All_V6,Cn.All.60B.PairX(MFA),CnCom.Id807038.Adv_All_V6,60B,PairX(MFA),Id807038,Cn.All
93,Cn.All.60B.PairX(MFA)@CnCom.Id807044.All_V6_L1,Cn.All.60B.PairX(MFA),CnCom.Id807044.All_V6_L1,60B,PairX(MFA),Id807044,Cn.All
94,Cn.All.60B.PairX(MFA)@CnCom.Id807044.CnOil_V5L1,Cn.All.60B.PairX(MFA),CnCom.Id807044.CnOil_V5L1,60B,PairX(MFA),Id807044,Cn.All
95,Cn.All.60B.PairX(MFA)@CnCom.Id807044.CnOil_V5L1N,Cn.All.60B.PairX(MFA),CnCom.Id807044.CnOil_V5L1N,60B,PairX(MFA),Id807044,Cn.All
96,Cn.All.60B.PairX(MFA)@CnCom.Id807045.ApIdx_V6L1,Cn.All.60B.PairX(MFA),CnCom.Id807045.ApIdx_V6L1,60B,PairX(MFA),Id807045,Cn.All
97,Cn.All.60B.PairX(MFA)@CnCom.Id807045.BuFu3_V5L1,Cn.All.60B.PairX(MFA),CnCom.Id807045.BuFu3_V5L1,60B,PairX(MFA),Id807045,Cn.All
98,Cn.All.60B.PairX(MFA)@CnCom.Id807045.BuFu3_V5L1N,Cn.All.60B.PairX(MFA),CnCom.Id807045.BuFu3_V5L1N,60B,PairX(MFA),Id807045,Cn.All
99,Cn.All.60B.PairX(MFA)@CnCom.Id807045.BuFuBrn3L1,Cn.All.60B.PairX(MFA),CnCom.Id807045.BuFuBrn3L1,60B,PairX(MFA),Id807045,Cn.All
100,Cn.All.60B.PairX(MFA)@CnCom.Id807045.BuFuBrn3L1N,Cn.All.60B.PairX(MFA),CnCom.Id807045.BuFuBrn3L1N,60B,PairX(MFA),Id807045,Cn.All
101,Cn.All.60B.PairX(MFA)@CnCom.Id807045.BuFuSc2L1,Cn.All.60B.PairX(MFA),CnCom.Id807045.BuFuSc2L1,60B,PairX(MFA),Id807045,Cn.All
102,Cn.All.60B.PairX(MFA)@CnCom.Id807045.BuFuSc2L1N,Cn.All.60B.PairX(MFA),CnCom.Id807045.BuFuSc2L1N,60B,PairX(MFA),Id807045,Cn.All
103,Cn.All.60B.PairX(MFA)@CnCom.Id807045.CnC2Oil_L1,Cn.All.60B.PairX(MFA),CnCom.Id807045.CnC2Oil_L1,60B,PairX(MFA),Id807045,Cn.All
104,Cn.All.60B.PairX(MFA)@CnCom.Id807045.CnC2Oil_L1N,Cn.All.60B.PairX(MFA),CnCom.Id807045.CnC2Oil_L1N,60B,PairX(MFA),Id807045,Cn.All
105,Cn.All.60B.PairX(MFA)@CnCom.Id807045.CnCme_V5L1,Cn.All.60B.PairX(MFA),CnCom.Id807045.CnCme_V5L1,60B,PairX(MFA),Id807045,Cn.All
106,Cn.All.60B.PairX(MFA)@CnCom.Id807045.CnCme_V5L1N,Cn.All.60B.PairX(MFA),CnCom.Id807045.CnCme_V5L1N,60B,PairX(MFA),Id807045,Cn.All
107,Cn.All.60B.PairX(MFA)@CnCom.Id807045.CnCmeA_V5L1,Cn.All.60B.PairX(MFA),CnCom.Id807045.CnCmeA_V5L1,60B,PairX(MFA),Id807045,Cn.All
108,Cn.All.60B.PairX(MFA)@CnCom.Id807045.CnCmeA_V5L1N,Cn.All.60B.PairX(MFA),CnCom.Id807045.CnCmeA_V5L1N,60B,PairX(MFA),Id807045,Cn.All
109,Cn.All.60B.PairX(MFA)@CnCom.Id807045.CnCmeASL1N,Cn.All.60B.PairX(MFA),CnCom.Id807045.CnCmeASL1N,60B,PairX(MFA),Id807045,Cn.All
110,Cn.All.60B.PairX(MFA)@CnCom.Id807045.CnE2AllL1,Cn.All.60B.PairX(MFA),CnCom.Id807045.CnE2AllL1,60B,PairX(MFA),Id807045,Cn.All
111,Cn.All.60B.PairX(MFA)@CnCom.Id807045.CnE2AllL1N,Cn.All.60B.PairX(MFA),CnCom.Id807045.CnE2AllL1N,60B,PairX(MFA),Id807045,Cn.All
112,Cn.All.60B.PairX(MFA)@CnCom.Id807045.CnIdxGlb_MRS,Cn.All.60B.PairX(MFA),CnCom.Id807045.CnIdxGlb_MRS,60B,PairX(MFA),Id807045,Cn.All
113,Cn.All.60B.PairX(MFA)@CnCom.Id807045.CnIdxGlb_V6L1,Cn.All.60B.PairX(MFA),CnCom.Id807045.CnIdxGlb_V6L1,60B,PairX(MFA),Id807045,Cn.All
114,Cn.All.60B.PairX(MFA)@CnCom.Id807045.IhIfGlb_MRS,Cn.All.60B.PairX(MFA),CnCom.Id807045.IhIfGlb_MRS,60B,PairX(MFA),Id807045,Cn.All
115,Cn.All.60B.PairX(MFA)@CnCom.Id807045.IhIfIc_V6L1,Cn.All.60B.PairX(MFA),CnCom.Id807045.IhIfIc_V6L1,60B,PairX(MFA),Id807045,Cn.All
116,Cn.All.60B.PairX(MFA)@CnCom.Id807045.MFA_Oil_L1,Cn.All.60B.PairX(MFA),CnCom.Id807045.MFA_Oil_L1,60B,PairX(MFA),Id807045,Cn.All
117,Cn.All.60B.PairX(MFA)@CnCom.Id807045.MFA_Oil_L1N,Cn.All.60B.PairX(MFA),CnCom.Id807045.MFA_Oil_L1N,60B,PairX(MFA),Id807045,Cn.All
118,Cn.All.60B.PairX(MFA)@CnCom.Id807045.MFA_V6_All_L1,Cn.All.60B.PairX(MFA),CnCom.Id807045.MFA_V6_All_L1,60B,PairX(MFA),Id807045,Cn.All
119,Cn.All.60B.PairX(MFA)@CnCom.Id807045.MFA_V6All_L1N,Cn.All.60B.PairX(MFA),CnCom.Id807045.MFA_V6All_L1N,60B,PairX(MFA),Id807045,Cn.All
120,Cn.All.60B.PairX(MFA)@CnCom.Id807045.MRS3V6_All_L1,Cn.All.60B.PairX(MFA),CnCom.Id807045.MRS3V6_All_L1,60B,PairX(MFA),Id807045,Cn.All
121,Cn.All.60B.PairX(MFA)@CnCom.Id807045.SC_V5L1,Cn.All.60B.PairX(MFA),CnCom.Id807045.SC_V5L1,60B,PairX(MFA),Id807045,Cn.All
122,Cn.All.60B.PairX(MFA)@CnCom.Id807045.SC_V5L1N,Cn.All.60B.PairX(MFA),CnCom.Id807045.SC_V5L1N,60B,PairX(MFA),Id807045,Cn.All
123,Cn.All.60B.PairX(MFA)@CnCom.Id807045.ScBrn3_V5L1,Cn.All.60B.PairX(MFA),CnCom.Id807045.ScBrn3_V5L1,60B,PairX(MFA),Id807045,Cn.All
124,Cn.All.60B.PairX(MFA)@CnCom.Id807045.ScBrn3_V5L1N,Cn.All.60B.PairX(MFA),CnCom.Id807045.ScBrn3_V5L1N,60B,PairX(MFA),Id807045,Cn.All
125,Cn.All.60B.PairX(MFA)@CnCom.Id807045.ScBz3_V5L1,Cn.All.60B.PairX(MFA),CnCom.Id807045.ScBz3_V5L1,60B,PairX(MFA),Id807045,Cn.All
126,Cn.All.60B.PairX(MFA)@CnCom.Id807045.ScBz3_V5L1N,Cn.All.60B.PairX(MFA),CnCom.Id807045.ScBz3_V5L1N,60B,PairX(MFA),Id807045,Cn.All
127,Cn.All.60B.PairX(MFA)@CnCom.Id807045.ScCl3_V5L1,Cn.All.60B.PairX(MFA),CnCom.Id807045.ScCl3_V5L1,60B,PairX(MFA),Id807045,Cn.All
128,Cn.All.60B.PairX(MFA)@CnCom.Id807045.ScCl3_V5L1N,Cn.All.60B.PairX(MFA),CnCom.Id807045.ScCl3_V5L1N,60B,PairX(MFA),Id807045,Cn.All
129,Cn.All.60B.PairX(MFA)@CnCom.Id807045.V6E0_All_L1,Cn.All.60B.PairX(MFA),CnCom.Id807045.V6E0_All_L1,60B,PairX(MFA),Id807045,Cn.All
130,Cn.All.60B.PairX(MFA)@CnCom.Id807045.WxCr_L1,Cn.All.60B.PairX(MFA),CnCom.Id807045.WxCr_L1,60B,PairX(MFA),Id807045,Cn.All
131,Cn.All.60B.PairX(MFA)@CnCom.Id807045.WxNi_V7L1,Cn.All.60B.PairX(MFA),CnCom.Id807045.WxNi_V7L1,60B,PairX(MFA),Id807045,Cn.All
132,Cn.All.60B.PairX(MFA)@CnCom.Id807045.WxNi_V7L1N,Cn.All.60B.PairX(MFA),CnCom.Id807045.WxNi_V7L1N,60B,PairX(MFA),Id807045,Cn.All
133,Cn.All.60B.PairX(MFA)@CnCom.Id807046.TtTf_All_V5L1,Cn.All.60B.PairX(MFA),CnCom.Id807046.TtTf_All_V5L1,60B,PairX(MFA),Id807046,Cn.All
134,Cn.All.60B.PairX(MFA)@CnCom.Id807046.TtTf_All_V8L1,Cn.All.60B.PairX(MFA),CnCom.Id807046.TtTf_All_V8L1,60B,PairX(MFA),Id807046,Cn.All
135,Cn.All.60B.PairX(MFA)@CnCom.Id807055.CnCal_V6L2,Cn.All.60B.PairX(MFA),CnCom.Id807055.CnCal_V6L2,60B,PairX(MFA),Id807055,Cn.All
136,Cn.All.60B.PairX(MFA)@CnCom.Id807055.CnCal_V6L2N,Cn.All.60B.PairX(MFA),CnCom.Id807055.CnCal_V6L2N,60B,PairX(MFA),Id807055,Cn.All
137,Cn.All.60B.PairX(MFA)@CnCom.PairEx.MFA807025,Cn.All.60B.PairX(MFA),CnCom.PairEx.MFA807025,60B,PairX(MFA),PairEx,Cn.All
138,Cn.All.DM4.PairX(CalArb)@CSI.Id807050.CsiCalDM4,Cn.All.DM4.PairX(CalArb),CSI.Id807050.CsiCalDM4,DM4,PairX(CalArb),Id807050,Cn.All
139,Cn.Bonds.60B.PairX(MFA)@CnBonds.Id807036.TTTF,Cn.Bonds.60B.PairX(MFA),CnBonds.Id807036.TTTF,60B,PairX(MFA),Id807036,Cn.Bonds
140,Cn.Bonds.60B.Pattern@Bonds.Id007970.Intra,Cn.Bonds.60B.Pattern,Bonds.Id007970.Intra,60B,Pattern,Id007970,Cn.Bonds
141,Cn.Com.60B.CPA@CnCom.Id107001.7929A,Cn.Com.60B.CPA,CnCom.Id107001.7929A,60B,CPA,Id107001,Cn.Com
142,Cn.Com.60B.CPA@CnCom.Id107001.7929B,Cn.Com.60B.CPA,CnCom.Id107001.7929B,60B,CPA,Id107001,Cn.Com
143,Cn.Com.60B.CPA@CnCom.Id107001.7929C,Cn.Com.60B.CPA,CnCom.Id107001.7929C,60B,CPA,Id107001,Cn.Com
144,Cn.Com.60B.CPA@CnCom.Id107001.7929S,Cn.Com.60B.CPA,CnCom.Id107001.7929S,60B,CPA,Id107001,Cn.Com
145,Cn.Com.60B.CPA@CnCom.Id107001.7947A,Cn.Com.60B.CPA,CnCom.Id107001.7947A,60B,CPA,Id107001,Cn.Com
146,Cn.Com.60B.CPA@CnCom.Id107001.7947AB,Cn.Com.60B.CPA,CnCom.Id107001.7947AB,60B,CPA,Id107001,Cn.Com
147,Cn.Com.60B.CPA@CnCom.Id107001.7947AC,Cn.Com.60B.CPA,CnCom.Id107001.7947AC,60B,CPA,Id107001,Cn.Com
148,Cn.Com.60B.CPA@CnCom.Id107001.7947AM,Cn.Com.60B.CPA,CnCom.Id107001.7947AM,60B,CPA,Id107001,Cn.Com
149,Cn.Com.60B.CPA@CnCom.Id107001.7947B,Cn.Com.60B.CPA,CnCom.Id107001.7947B,60B,CPA,Id107001,Cn.Com
150,Cn.Com.60B.CPA@CnCom.Id107001.7947C,Cn.Com.60B.CPA,CnCom.Id107001.7947C,60B,CPA,Id107001,Cn.Com
151,Cn.Com.60B.CPA@CnCom.Id107001.7947CM,Cn.Com.60B.CPA,CnCom.Id107001.7947CM,60B,CPA,Id107001,Cn.Com
152,Cn.Com.60B.CPA@CnCom.Id107001.7947M,Cn.Com.60B.CPA,CnCom.Id107001.7947M,60B,CPA,Id107001,Cn.Com
153,Cn.Com.60B.CPA@CnCom.Id107216.C_A,Cn.Com.60B.CPA,CnCom.Id107216.C_A,60B,CPA,Id107216,Cn.Com
154,Cn.Com.60B.CPA@CnCom.Id107216.C_C,Cn.Com.60B.CPA,CnCom.Id107216.C_C,60B,CPA,Id107216,Cn.Com
155,Cn.Com.60B.CPA@CnCom.Id107216.C_M,Cn.Com.60B.CPA,CnCom.Id107216.C_M,60B,CPA,Id107216,Cn.Com
156,Cn.Com.60B.CPA@CnCom.Id107216.D_A,Cn.Com.60B.CPA,CnCom.Id107216.D_A,60B,CPA,Id107216,Cn.Com
157,Cn.Com.60B.CPA@CnCom.Id107216.D_B,Cn.Com.60B.CPA,CnCom.Id107216.D_B,60B,CPA,Id107216,Cn.Com
158,Cn.Com.60B.CPA@CnCom.Id107216.D_C,Cn.Com.60B.CPA,CnCom.Id107216.D_C,60B,CPA,Id107216,Cn.Com
159,Cn.Com.60B.CPA@CnCom.Id107216.D_M,Cn.Com.60B.CPA,CnCom.Id107216.D_M,60B,CPA,Id107216,Cn.Com
160,Cn.Com.60B.CPA@CnCom.Id107217.A,Cn.Com.60B.CPA,CnCom.Id107217.A,60B,CPA,Id107217,Cn.Com
161,Cn.Com.60B.CPA@CnCom.Id107217.B,Cn.Com.60B.CPA,CnCom.Id107217.B,60B,CPA,Id107217,Cn.Com
162,Cn.Com.60B.CPA@CnCom.Id107217.C,Cn.Com.60B.CPA,CnCom.Id107217.C,60B,CPA,Id107217,Cn.Com
163,Cn.Com.60B.CPA@CnCom.Id107217.M,Cn.Com.60B.CPA,CnCom.Id107217.M,60B,CPA,Id107217,Cn.Com
164,Cn.Com.60B.CPA@CnCom.Id107217.M_A,Cn.Com.60B.CPA,CnCom.Id107217.M_A,60B,CPA,Id107217,Cn.Com
165,Cn.Com.60B.CPA@CnCom.Id107217.M_B,Cn.Com.60B.CPA,CnCom.Id107217.M_B,60B,CPA,Id107217,Cn.Com
166,Cn.Com.60B.CPA@CnCom.Id107217.M_C,Cn.Com.60B.CPA,CnCom.Id107217.M_C,60B,CPA,Id107217,Cn.Com
167,Cn.Com.60B.CPA@CnCom.Id107217.M_M,Cn.Com.60B.CPA,CnCom.Id107217.M_M,60B,CPA,Id107217,Cn.Com
168,Cn.Com.60B.CPA@CnCom.Id107218.A,Cn.Com.60B.CPA,CnCom.Id107218.A,60B,CPA,Id107218,Cn.Com
169,Cn.Com.60B.CPA@CnCom.Id107218.B,Cn.Com.60B.CPA,CnCom.Id107218.B,60B,CPA,Id107218,Cn.Com
170,Cn.Com.60B.CPA@CnCom.Id107218.C,Cn.Com.60B.CPA,CnCom.Id107218.C,60B,CPA,Id107218,Cn.Com
171,Cn.Com.60B.CPA@CnCom.Id107218.M,Cn.Com.60B.CPA,CnCom.Id107218.M,60B,CPA,Id107218,Cn.Com
172,Cn.Com.60B.CPA@CnCom.Id107219.A,Cn.Com.60B.CPA,CnCom.Id107219.A,60B,CPA,Id107219,Cn.Com
173,Cn.Com.60B.CPA@CnCom.Id107219.B,Cn.Com.60B.CPA,CnCom.Id107219.B,60B,CPA,Id107219,Cn.Com
174,Cn.Com.60B.CPA@CnCom.Id107219.M,Cn.Com.60B.CPA,CnCom.Id107219.M,60B,CPA,Id107219,Cn.Com
175,Cn.Com.60B.CPA@CnCom.Id807040.A,Cn.Com.60B.CPA,CnCom.Id807040.A,60B,CPA,Id807040,Cn.Com
176,Cn.Com.60B.CPA@CnCom.Id807040.B,Cn.Com.60B.CPA,CnCom.Id807040.B,60B,CPA,Id807040,Cn.Com
177,Cn.Com.60B.CPA@CnCom.Id807040.C,Cn.Com.60B.CPA,CnCom.Id807040.C,60B,CPA,Id807040,Cn.Com
178,Cn.Com.60B.CPA@CnCom.Id807040.M,Cn.Com.60B.CPA,CnCom.Id807040.M,60B,CPA,Id807040,Cn.Com
179,Cn.Com.60B.CPA@CnCom.Id807041.A,Cn.Com.60B.CPA,CnCom.Id807041.A,60B,CPA,Id807041,Cn.Com
180,Cn.Com.60B.CPA@CnCom.Id807041.B,Cn.Com.60B.CPA,CnCom.Id807041.B,60B,CPA,Id807041,Cn.Com
181,Cn.Com.60B.CPA@CnCom.Id807041.C,Cn.Com.60B.CPA,CnCom.Id807041.C,60B,CPA,Id807041,Cn.Com
182,Cn.Com.60B.CPA@CnCom.Id807041.M,Cn.Com.60B.CPA,CnCom.Id807041.M,60B,CPA,Id807041,Cn.Com
183,Cn.Com.60B.CPA@CnCom.Id807042.A,Cn.Com.60B.CPA,CnCom.Id807042.A,60B,CPA,Id807042,Cn.Com
184,Cn.Com.60B.CPA@CnCom.Id807042.B,Cn.Com.60B.CPA,CnCom.Id807042.B,60B,CPA,Id807042,Cn.Com
185,Cn.Com.60B.CPA@CnCom.Id807042.C,Cn.Com.60B.CPA,CnCom.Id807042.C,60B,CPA,Id807042,Cn.Com
186,Cn.Com.60B.CPA@CnCom.Id807042.M,Cn.Com.60B.CPA,CnCom.Id807042.M,60B,CPA,Id807042,Cn.Com
187,Cn.Com.60B.CPA@CnCom.Id807042.R,Cn.Com.60B.CPA,CnCom.Id807042.R,60B,CPA,Id807042,Cn.Com
188,Cn.Com.60B.CPA@CnCom.Id807042.S2_A,Cn.Com.60B.CPA,CnCom.Id807042.S2_A,60B,CPA,Id807042,Cn.Com
189,Cn.Com.60B.CPA@CnCom.Id807042.S2_B,Cn.Com.60B.CPA,CnCom.Id807042.S2_B,60B,CPA,Id807042,Cn.Com
190,Cn.Com.60B.CPA@CnCom.Id807042.S2_C,Cn.Com.60B.CPA,CnCom.Id807042.S2_C,60B,CPA,Id807042,Cn.Com
191,Cn.Com.60B.CPA@CnCom.Id807042.S2_M,Cn.Com.60B.CPA,CnCom.Id807042.S2_M,60B,CPA,Id807042,Cn.Com
192,Cn.Com.60B.Pattern@CnCom.Id007929.MRS,Cn.Com.60B.Pattern,CnCom.Id007929.MRS,60B,Pattern,Id007929,Cn.Com
193,Cn.Com.60B.Pattern@CnCom.Id007929.T2N_A,Cn.Com.60B.Pattern,CnCom.Id007929.T2N_A,60B,Pattern,Id007929,Cn.Com
194,Cn.Com.60B.Pattern@CnCom.Id007929.T2N_B,Cn.Com.60B.Pattern,CnCom.Id007929.T2N_B,60B,Pattern,Id007929,Cn.Com
195,Cn.Com.60B.Pattern@CnCom.Id007929.T2N_C,Cn.Com.60B.Pattern,CnCom.Id007929.T2N_C,60B,Pattern,Id007929,Cn.Com
196,Cn.Com.60B.Pattern@CnCom.Id007929.T2N_FuSc,Cn.Com.60B.Pattern,CnCom.Id007929.T2N_FuSc,60B,Pattern,Id007929,Cn.Com
197,Cn.Com.60B.Pattern@CnCom.Id007929.T2N_M,Cn.Com.60B.Pattern,CnCom.Id007929.T2N_M,60B,Pattern,Id007929,Cn.Com
198,Cn.Com.60B.Pattern@CnCom.Id007929.T2N_SQfu,Cn.Com.60B.Pattern,CnCom.Id007929.T2N_SQfu,60B,Pattern,Id007929,Cn.Com
199,Cn.Com.60B.Pattern@CnCom.Id007929.T2N_SQsc,Cn.Com.60B.Pattern,CnCom.Id007929.T2N_SQsc,60B,Pattern,Id007929,Cn.Com
200,Cn.Com.60B.Pattern@CnCom.Id007929.T2N_ZZAP,Cn.Com.60B.Pattern,CnCom.Id007929.T2N_ZZAP,60B,Pattern,Id007929,Cn.Com
201,Cn.Com.60B.Pattern@CnCom.Id007929.T2N2_A,Cn.Com.60B.Pattern,CnCom.Id007929.T2N2_A,60B,Pattern,Id007929,Cn.Com
202,Cn.Com.60B.Pattern@CnCom.Id007929.T2N2_B,Cn.Com.60B.Pattern,CnCom.Id007929.T2N2_B,60B,Pattern,Id007929,Cn.Com
203,Cn.Com.60B.Pattern@CnCom.Id007929.T2N2_C,Cn.Com.60B.Pattern,CnCom.Id007929.T2N2_C,60B,Pattern,Id007929,Cn.Com
204,Cn.Com.60B.Pattern@CnCom.Id007929.T2N2_M,Cn.Com.60B.Pattern,CnCom.Id007929.T2N2_M,60B,Pattern,Id007929,Cn.Com
205,Cn.Com.60B.Pattern@CnCom.Id007929.T2N3_A,Cn.Com.60B.Pattern,CnCom.Id007929.T2N3_A,60B,Pattern,Id007929,Cn.Com
206,Cn.Com.60B.Pattern@CnCom.Id007929.T2N3_B,Cn.Com.60B.Pattern,CnCom.Id007929.T2N3_B,60B,Pattern,Id007929,Cn.Com
207,Cn.Com.60B.Pattern@CnCom.Id007929.T2N3_C,Cn.Com.60B.Pattern,CnCom.Id007929.T2N3_C,60B,Pattern,Id007929,Cn.Com
208,Cn.Com.60B.Pattern@CnCom.Id007929.T2N3_M,Cn.Com.60B.Pattern,CnCom.Id007929.T2N3_M,60B,Pattern,Id007929,Cn.Com
209,Cn.Com.60B.Pattern@CnCom.Id007929.T2NAIO,Cn.Com.60B.Pattern,CnCom.Id007929.T2NAIO,60B,Pattern,Id007929,Cn.Com
210,Cn.Com.60B.Pattern@CnCom.Id007929.T2NL_A,Cn.Com.60B.Pattern,CnCom.Id007929.T2NL_A,60B,Pattern,Id007929,Cn.Com
211,Cn.Com.60B.Pattern@CnCom.Id007929.T2NL_B,Cn.Com.60B.Pattern,CnCom.Id007929.T2NL_B,60B,Pattern,Id007929,Cn.Com
212,Cn.Com.60B.Pattern@CnCom.Id007929.T2NL_C,Cn.Com.60B.Pattern,CnCom.Id007929.T2NL_C,60B,Pattern,Id007929,Cn.Com
213,Cn.Com.60B.Pattern@CnCom.Id007929.T2NL_M,Cn.Com.60B.Pattern,CnCom.Id007929.T2NL_M,60B,Pattern,Id007929,Cn.Com
214,Cn.Com.60B.Pattern@CnCom.Id007929.T2NM_A,Cn.Com.60B.Pattern,CnCom.Id007929.T2NM_A,60B,Pattern,Id007929,Cn.Com
215,Cn.Com.60B.Pattern@CnCom.Id007929.T2NM_B,Cn.Com.60B.Pattern,CnCom.Id007929.T2NM_B,60B,Pattern,Id007929,Cn.Com
216,Cn.Com.60B.Pattern@CnCom.Id007929.T2NM_C,Cn.Com.60B.Pattern,CnCom.Id007929.T2NM_C,60B,Pattern,Id007929,Cn.Com
217,Cn.Com.60B.Pattern@CnCom.Id007929.T2NM_M,Cn.Com.60B.Pattern,CnCom.Id007929.T2NM_M,60B,Pattern,Id007929,Cn.Com
218,Cn.Com.60B.Pattern@CnCom.Id007929.T2NS0Inter,Cn.Com.60B.Pattern,CnCom.Id007929.T2NS0Inter,60B,Pattern,Id007929,Cn.Com
219,Cn.Com.60B.Pattern@CnCom.Id007929.T2NS0Intra,Cn.Com.60B.Pattern,CnCom.Id007929.T2NS0Intra,60B,Pattern,Id007929,Cn.Com
220,Cn.Com.60B.Pattern@CnCom.Id007959.T5N_SQsc,Cn.Com.60B.Pattern,CnCom.Id007959.T5N_SQsc,60B,Pattern,Id007959,Cn.Com
221,Cn.Com.60B.Pattern@CnCom.Id007969.Intra1,Cn.Com.60B.Pattern,CnCom.Id007969.Intra1,60B,Pattern,Id007969,Cn.Com
222,Cn.Com.60B.Pattern@CnCom.Id007969.Intra2,Cn.Com.60B.Pattern,CnCom.Id007969.Intra2,60B,Pattern,Id007969,Cn.Com
223,Cn.Com.60B.Pattern@CnCom.Id007969.IntraSC,Cn.Com.60B.Pattern,CnCom.Id007969.IntraSC,60B,Pattern,Id007969,Cn.Com
224,Cn.Com.60B.Pattern@CnCom.Id007970.Intra,Cn.Com.60B.Pattern,CnCom.Id007970.Intra,60B,Pattern,Id007970,Cn.Com
225,Cn.Com.60B.Pattern@CnCom.Id007970.Intra2,Cn.Com.60B.Pattern,CnCom.Id007970.Intra2,60B,Pattern,Id007970,Cn.Com
226,Cn.Com.60B.Pattern@CnCom.Id007970.SQsc,Cn.Com.60B.Pattern,CnCom.Id007970.SQsc,60B,Pattern,Id007970,Cn.Com
227,Cn.Com.Tick.Pattern@CnCom.Id507110.050KM1,Cn.Com.Tick.Pattern,CnCom.Id507110.050KM1,Tick,Pattern,Id507110,Cn.Com
228,Cn.Com.Tick.Pattern@CnCom.Id507125.1MPoint1,Cn.Com.Tick.Pattern,CnCom.Id507125.1MPoint1,Tick,Pattern,Id507125,Cn.Com
229,Cn.Com.Tick.Pattern@CnCom.Id507125.SQ_Sig,Cn.Com.Tick.Pattern,CnCom.Id507125.SQ_Sig,Tick,Pattern,Id507125,Cn.Com
230,Cn.Com.U16.CPA@CnCom.Id102010.C,Cn.Com.U16.CPA,CnCom.Id102010.C,U16,CPA,Id102010,Cn.Com
231,Cn.Com.U16.CPA@CnCom.Id102010.S,Cn.Com.U16.CPA,CnCom.Id102010.S,U16,CPA,Id102010,Cn.Com
232,Cn.Com.U16.CPA@CnCom.Id107201.A,Cn.Com.U16.CPA,CnCom.Id107201.A,U16,CPA,Id107201,Cn.Com
233,Cn.Com.U16.CPA@CnCom.Id107201.B,Cn.Com.U16.CPA,CnCom.Id107201.B,U16,CPA,Id107201,Cn.Com
234,Cn.Com.U16.CPA@CnCom.Id107201.C,Cn.Com.U16.CPA,CnCom.Id107201.C,U16,CPA,Id107201,Cn.Com
235,Cn.Com.U16.CPA@CnCom.Id107201.M,Cn.Com.U16.CPA,CnCom.Id107201.M,U16,CPA,Id107201,Cn.Com
236,Cn.Com.U16.CPA@CnCom.Id107202.A,Cn.Com.U16.CPA,CnCom.Id107202.A,U16,CPA,Id107202,Cn.Com
237,Cn.Com.U16.CPA@CnCom.Id107202.B,Cn.Com.U16.CPA,CnCom.Id107202.B,U16,CPA,Id107202,Cn.Com
238,Cn.Com.U16.CPA@CnCom.Id107202.M,Cn.Com.U16.CPA,CnCom.Id107202.M,U16,CPA,Id107202,Cn.Com
239,Cn.Com.U16.CPA@CnCom.Id107202.M_A,Cn.Com.U16.CPA,CnCom.Id107202.M_A,U16,CPA,Id107202,Cn.Com
240,Cn.Com.U16.CPA@CnCom.Id107202.M_B,Cn.Com.U16.CPA,CnCom.Id107202.M_B,U16,CPA,Id107202,Cn.Com
241,Cn.Com.U16.CPA@CnCom.Id107202.M_C,Cn.Com.U16.CPA,CnCom.Id107202.M_C,U16,CPA,Id107202,Cn.Com
242,Cn.Com.U16.CPA@CnCom.Id107202.M_M,Cn.Com.U16.CPA,CnCom.Id107202.M_M,U16,CPA,Id107202,Cn.Com
243,Cn.Com.U16.CPA@CnCom.Id107203.C_A,Cn.Com.U16.CPA,CnCom.Id107203.C_A,U16,CPA,Id107203,Cn.Com
244,Cn.Com.U16.CPA@CnCom.Id107203.C_B,Cn.Com.U16.CPA,CnCom.Id107203.C_B,U16,CPA,Id107203,Cn.Com
245,Cn.Com.U16.CPA@CnCom.Id107203.C_C,Cn.Com.U16.CPA,CnCom.Id107203.C_C,U16,CPA,Id107203,Cn.Com
246,Cn.Com.U16.CPA@CnCom.Id107203.C_M,Cn.Com.U16.CPA,CnCom.Id107203.C_M,U16,CPA,Id107203,Cn.Com
247,Cn.Com.U16.CPA@CnCom.Id107203.D_A,Cn.Com.U16.CPA,CnCom.Id107203.D_A,U16,CPA,Id107203,Cn.Com
248,Cn.Com.U16.CPA@CnCom.Id107203.D_B,Cn.Com.U16.CPA,CnCom.Id107203.D_B,U16,CPA,Id107203,Cn.Com
249,Cn.Com.U16.CPA@CnCom.Id107203.D_C,Cn.Com.U16.CPA,CnCom.Id107203.D_C,U16,CPA,Id107203,Cn.Com
250,Cn.Com.U16.CPA@CnCom.Id107203.D_M,Cn.Com.U16.CPA,CnCom.Id107203.D_M,U16,CPA,Id107203,Cn.Com
251,Cn.Com.U16.CPA@CnCom.Id107204.A,Cn.Com.U16.CPA,CnCom.Id107204.A,U16,CPA,Id107204,Cn.Com
252,Cn.Com.U16.CPA@CnCom.Id107204.B,Cn.Com.U16.CPA,CnCom.Id107204.B,U16,CPA,Id107204,Cn.Com
253,Cn.Com.U16.CPA@CnCom.Id107204.C,Cn.Com.U16.CPA,CnCom.Id107204.C,U16,CPA,Id107204,Cn.Com
254,Cn.Com.U16.CPA@CnCom.Id107204.M,Cn.Com.U16.CPA,CnCom.Id107204.M,U16,CPA,Id107204,Cn.Com
255,Cn.Com.U16.CPA@CnCom.Id107205.A,Cn.Com.U16.CPA,CnCom.Id107205.A,U16,CPA,Id107205,Cn.Com
256,Cn.Com.U16.CPA@CnCom.Id107205.B,Cn.Com.U16.CPA,CnCom.Id107205.B,U16,CPA,Id107205,Cn.Com
257,Cn.Com.U16.CPA@CnCom.Id107205.C,Cn.Com.U16.CPA,CnCom.Id107205.C,U16,CPA,Id107205,Cn.Com
258,Cn.Com.U16.CPA@CnCom.Id107205.S,Cn.Com.U16.CPA,CnCom.Id107205.S,U16,CPA,Id107205,Cn.Com
259,Cn.Com.U16.CPA@CnCom.Id107206.CAPM_AC,Cn.Com.U16.CPA,CnCom.Id107206.CAPM_AC,U16,CPA,Id107206,Cn.Com
260,Cn.Com.U16.CPA@CnCom.Id107206.CAPM_AM,Cn.Com.U16.CPA,CnCom.Id107206.CAPM_AM,U16,CPA,Id107206,Cn.Com
261,Cn.Com.U16.CPA@CnCom.Id107206.CAPM_AP,Cn.Com.U16.CPA,CnCom.Id107206.CAPM_AP,U16,CPA,Id107206,Cn.Com
262,Cn.Com.U16.CPA@CnCom.Id107206.CAPM_BC,Cn.Com.U16.CPA,CnCom.Id107206.CAPM_BC,U16,CPA,Id107206,Cn.Com
263,Cn.Com.U16.CPA@CnCom.Id107206.CAPM_BM,Cn.Com.U16.CPA,CnCom.Id107206.CAPM_BM,U16,CPA,Id107206,Cn.Com
264,Cn.Com.U16.CPA@CnCom.Id107206.CAPM_BP,Cn.Com.U16.CPA,CnCom.Id107206.CAPM_BP,U16,CPA,Id107206,Cn.Com
265,Cn.Com.U16.CPA@CnCom.Id107206.CAPM_CC,Cn.Com.U16.CPA,CnCom.Id107206.CAPM_CC,U16,CPA,Id107206,Cn.Com
266,Cn.Com.U16.CPA@CnCom.Id107206.CAPM_CM,Cn.Com.U16.CPA,CnCom.Id107206.CAPM_CM,U16,CPA,Id107206,Cn.Com
267,Cn.Com.U16.CPA@CnCom.Id107206.CAPM_CP,Cn.Com.U16.CPA,CnCom.Id107206.CAPM_CP,U16,CPA,Id107206,Cn.Com
268,Cn.Com.U16.CPA@CnCom.Id107206.CAPM_MC,Cn.Com.U16.CPA,CnCom.Id107206.CAPM_MC,U16,CPA,Id107206,Cn.Com
269,Cn.Com.U16.CPA@CnCom.Id107206.CAPM_MM,Cn.Com.U16.CPA,CnCom.Id107206.CAPM_MM,U16,CPA,Id107206,Cn.Com
270,Cn.Com.U16.CPA@CnCom.Id107206.CAPM_MP,Cn.Com.U16.CPA,CnCom.Id107206.CAPM_MP,U16,CPA,Id107206,Cn.Com
271,Cn.Com.U16.CPA@CnCom.Id107225.7944A,Cn.Com.U16.CPA,CnCom.Id107225.7944A,U16,CPA,Id107225,Cn.Com
272,Cn.Com.U16.CPA@CnCom.Id107225.7944B,Cn.Com.U16.CPA,CnCom.Id107225.7944B,U16,CPA,Id107225,Cn.Com
273,Cn.Com.U16.CPA@CnCom.Id107225.7944C,Cn.Com.U16.CPA,CnCom.Id107225.7944C,U16,CPA,Id107225,Cn.Com
274,Cn.Com.U16.CPA@CnCom.Id107225.7944S,Cn.Com.U16.CPA,CnCom.Id107225.7944S,U16,CPA,Id107225,Cn.Com
275,Cn.Com.U16.CPA@CnCom.Id107226.A,Cn.Com.U16.CPA,CnCom.Id107226.A,U16,CPA,Id107226,Cn.Com
276,Cn.Com.U16.CPA@CnCom.Id107226.B,Cn.Com.U16.CPA,CnCom.Id107226.B,U16,CPA,Id107226,Cn.Com
277,Cn.Com.U16.CPA@CnCom.Id107226.C,Cn.Com.U16.CPA,CnCom.Id107226.C,U16,CPA,Id107226,Cn.Com
278,Cn.Com.U16.CPA@CnCom.Id107226.M_A,Cn.Com.U16.CPA,CnCom.Id107226.M_A,U16,CPA,Id107226,Cn.Com
279,Cn.Com.U16.CPA@CnCom.Id107226.M_B,Cn.Com.U16.CPA,CnCom.Id107226.M_B,U16,CPA,Id107226,Cn.Com
280,Cn.Com.U16.CPA@CnCom.Id107226.M_C,Cn.Com.U16.CPA,CnCom.Id107226.M_C,U16,CPA,Id107226,Cn.Com
281,Cn.Com.U16.CPA@CnCom.Id107226.M_S,Cn.Com.U16.CPA,CnCom.Id107226.M_S,U16,CPA,Id107226,Cn.Com
282,Cn.Com.U16.CPA@CnCom.Id107226.S,Cn.Com.U16.CPA,CnCom.Id107226.S,U16,CPA,Id107226,Cn.Com
283,Cn.Com.U16.CPA@CnCom.Id107227.A,Cn.Com.U16.CPA,CnCom.Id107227.A,U16,CPA,Id107227,Cn.Com
284,Cn.Com.U16.CPA@CnCom.Id107227.B,Cn.Com.U16.CPA,CnCom.Id107227.B,U16,CPA,Id107227,Cn.Com
285,Cn.Com.U16.CPA@CnCom.Id107227.C,Cn.Com.U16.CPA,CnCom.Id107227.C,U16,CPA,Id107227,Cn.Com
286,Cn.Com.U16.CPA@CnCom.Id107227.S,Cn.Com.U16.CPA,CnCom.Id107227.S,U16,CPA,Id107227,Cn.Com
287,Cn.Com.U16.CPA@CnCom.Id107228.A,Cn.Com.U16.CPA,CnCom.Id107228.A,U16,CPA,Id107228,Cn.Com
288,Cn.Com.U16.CPA@CnCom.Id107228.B,Cn.Com.U16.CPA,CnCom.Id107228.B,U16,CPA,Id107228,Cn.Com
289,Cn.Com.U16.CPA@CnCom.Id107228.C,Cn.Com.U16.CPA,CnCom.Id107228.C,U16,CPA,Id107228,Cn.Com
290,Cn.Com.U16.CPA@CnCom.Id107228.S,Cn.Com.U16.CPA,CnCom.Id107228.S,U16,CPA,Id107228,Cn.Com
291,Cn.Com.U16.CPA@CnCom.Id107229.A,Cn.Com.U16.CPA,CnCom.Id107229.A,U16,CPA,Id107229,Cn.Com
292,Cn.Com.U16.CPA@CnCom.Id107229.B,Cn.Com.U16.CPA,CnCom.Id107229.B,U16,CPA,Id107229,Cn.Com
293,Cn.Com.U16.CPA@CnCom.Id107229.C,Cn.Com.U16.CPA,CnCom.Id107229.C,U16,CPA,Id107229,Cn.Com
294,Cn.Com.U16.CPA@CnCom.Id107229.S,Cn.Com.U16.CPA,CnCom.Id107229.S,U16,CPA,Id107229,Cn.Com
295,Cn.Com.U16.CPA@CnCom.Id107233.C_A,Cn.Com.U16.CPA,CnCom.Id107233.C_A,U16,CPA,Id107233,Cn.Com
296,Cn.Com.U16.CPA@CnCom.Id107233.C_B,Cn.Com.U16.CPA,CnCom.Id107233.C_B,U16,CPA,Id107233,Cn.Com
297,Cn.Com.U16.CPA@CnCom.Id107233.C_C,Cn.Com.U16.CPA,CnCom.Id107233.C_C,U16,CPA,Id107233,Cn.Com
298,Cn.Com.U16.CPA@CnCom.Id107233.C_M,Cn.Com.U16.CPA,CnCom.Id107233.C_M,U16,CPA,Id107233,Cn.Com
299,Cn.Com.U16.CPA@CnCom.Id107233.D_A,Cn.Com.U16.CPA,CnCom.Id107233.D_A,U16,CPA,Id107233,Cn.Com
300,Cn.Com.U16.CPA@CnCom.Id107233.D_B,Cn.Com.U16.CPA,CnCom.Id107233.D_B,U16,CPA,Id107233,Cn.Com
301,Cn.Com.U16.CPA@CnCom.Id107233.D_C,Cn.Com.U16.CPA,CnCom.Id107233.D_C,U16,CPA,Id107233,Cn.Com
302,Cn.Com.U16.CPA@CnCom.Id107233.D_M,Cn.Com.U16.CPA,CnCom.Id107233.D_M,U16,CPA,Id107233,Cn.Com
303,Cn.Com.U16.Pattern@CnCom.Id007101.A,Cn.Com.U16.Pattern,CnCom.Id007101.A,U16,Pattern,Id007101,Cn.Com
304,Cn.Com.U16.Pattern@CnCom.Id007101.B,Cn.Com.U16.Pattern,CnCom.Id007101.B,U16,Pattern,Id007101,Cn.Com
305,Cn.Com.U16.Pattern@CnCom.Id007101.C,Cn.Com.U16.Pattern,CnCom.Id007101.C,U16,Pattern,Id007101,Cn.Com
306,Cn.Com.U16.Pattern@CnCom.Id007101.M,Cn.Com.U16.Pattern,CnCom.Id007101.M,U16,Pattern,Id007101,Cn.Com
307,Cn.Com.U16.Pattern@CnCom.Id007102.A,Cn.Com.U16.Pattern,CnCom.Id007102.A,U16,Pattern,Id007102,Cn.Com
308,Cn.Com.U16.Pattern@CnCom.Id007102.B,Cn.Com.U16.Pattern,CnCom.Id007102.B,U16,Pattern,Id007102,Cn.Com
309,Cn.Com.U16.Pattern@CnCom.Id007102.C,Cn.Com.U16.Pattern,CnCom.Id007102.C,U16,Pattern,Id007102,Cn.Com
310,Cn.Com.U16.Pattern@CnCom.Id007102.M,Cn.Com.U16.Pattern,CnCom.Id007102.M,U16,Pattern,Id007102,Cn.Com
311,Cn.Com.U16.Pattern@CnCom.Id007103.CAPM_A_C,Cn.Com.U16.Pattern,CnCom.Id007103.CAPM_A_C,U16,Pattern,Id007103,Cn.Com
312,Cn.Com.U16.Pattern@CnCom.Id007103.CAPM_A_M,Cn.Com.U16.Pattern,CnCom.Id007103.CAPM_A_M,U16,Pattern,Id007103,Cn.Com
313,Cn.Com.U16.Pattern@CnCom.Id007103.CAPM_A_P,Cn.Com.U16.Pattern,CnCom.Id007103.CAPM_A_P,U16,Pattern,Id007103,Cn.Com
314,Cn.Com.U16.Pattern@CnCom.Id007103.CAPM_B_C,Cn.Com.U16.Pattern,CnCom.Id007103.CAPM_B_C,U16,Pattern,Id007103,Cn.Com
315,Cn.Com.U16.Pattern@CnCom.Id007103.CAPM_B_M,Cn.Com.U16.Pattern,CnCom.Id007103.CAPM_B_M,U16,Pattern,Id007103,Cn.Com
316,Cn.Com.U16.Pattern@CnCom.Id007103.CAPM_B_P,Cn.Com.U16.Pattern,CnCom.Id007103.CAPM_B_P,U16,Pattern,Id007103,Cn.Com
317,Cn.Com.U16.Pattern@CnCom.Id007103.CAPM_C_C,Cn.Com.U16.Pattern,CnCom.Id007103.CAPM_C_C,U16,Pattern,Id007103,Cn.Com
318,Cn.Com.U16.Pattern@CnCom.Id007103.CAPM_C_M,Cn.Com.U16.Pattern,CnCom.Id007103.CAPM_C_M,U16,Pattern,Id007103,Cn.Com
319,Cn.Com.U16.Pattern@CnCom.Id007103.CAPM_C_P,Cn.Com.U16.Pattern,CnCom.Id007103.CAPM_C_P,U16,Pattern,Id007103,Cn.Com
320,Cn.Com.U16.Pattern@CnCom.Id007103.CAPM_M_C,Cn.Com.U16.Pattern,CnCom.Id007103.CAPM_M_C,U16,Pattern,Id007103,Cn.Com
321,Cn.Com.U16.Pattern@CnCom.Id007103.CAPM_M_M,Cn.Com.U16.Pattern,CnCom.Id007103.CAPM_M_M,U16,Pattern,Id007103,Cn.Com
322,Cn.Com.U16.Pattern@CnCom.Id007103.CAPM_M_P,Cn.Com.U16.Pattern,CnCom.Id007103.CAPM_M_P,U16,Pattern,Id007103,Cn.Com
323,Cn.Com.U16.Pattern@CnCom.Id007104.C_A,Cn.Com.U16.Pattern,CnCom.Id007104.C_A,U16,Pattern,Id007104,Cn.Com
324,Cn.Com.U16.Pattern@CnCom.Id007104.C_B,Cn.Com.U16.Pattern,CnCom.Id007104.C_B,U16,Pattern,Id007104,Cn.Com
325,Cn.Com.U16.Pattern@CnCom.Id007104.C_C,Cn.Com.U16.Pattern,CnCom.Id007104.C_C,U16,Pattern,Id007104,Cn.Com
326,Cn.Com.U16.Pattern@CnCom.Id007104.C_M,Cn.Com.U16.Pattern,CnCom.Id007104.C_M,U16,Pattern,Id007104,Cn.Com
327,Cn.Com.U16.Pattern@CnCom.Id007104.D_A,Cn.Com.U16.Pattern,CnCom.Id007104.D_A,U16,Pattern,Id007104,Cn.Com
328,Cn.Com.U16.Pattern@CnCom.Id007104.D_B,Cn.Com.U16.Pattern,CnCom.Id007104.D_B,U16,Pattern,Id007104,Cn.Com
329,Cn.Com.U16.Pattern@CnCom.Id007104.D_C,Cn.Com.U16.Pattern,CnCom.Id007104.D_C,U16,Pattern,Id007104,Cn.Com
330,Cn.Com.U16.Pattern@CnCom.Id007104.D_M,Cn.Com.U16.Pattern,CnCom.Id007104.D_M,U16,Pattern,Id007104,Cn.Com
331,Cn.Com.U16.Pattern@CnCom.Id007112.A,Cn.Com.U16.Pattern,CnCom.Id007112.A,U16,Pattern,Id007112,Cn.Com
332,Cn.Com.U16.Pattern@CnCom.Id007112.B,Cn.Com.U16.Pattern,CnCom.Id007112.B,U16,Pattern,Id007112,Cn.Com
333,Cn.Com.U16.Pattern@CnCom.Id007112.C,Cn.Com.U16.Pattern,CnCom.Id007112.C,U16,Pattern,Id007112,Cn.Com
334,Cn.Com.U16.Pattern@CnCom.Id007112.M,Cn.Com.U16.Pattern,CnCom.Id007112.M,U16,Pattern,Id007112,Cn.Com
335,Cn.Com.U16.Pattern@CnCom.Id007112.M_A,Cn.Com.U16.Pattern,CnCom.Id007112.M_A,U16,Pattern,Id007112,Cn.Com
336,Cn.Com.U16.Pattern@CnCom.Id007112.M_B,Cn.Com.U16.Pattern,CnCom.Id007112.M_B,U16,Pattern,Id007112,Cn.Com
337,Cn.Com.U16.Pattern@CnCom.Id007112.M_C,Cn.Com.U16.Pattern,CnCom.Id007112.M_C,U16,Pattern,Id007112,Cn.Com
338,Cn.Com.U16.Pattern@CnCom.Id007112.M_M,Cn.Com.U16.Pattern,CnCom.Id007112.M_M,U16,Pattern,Id007112,Cn.Com
339,Cn.Com.U16.Pattern@CnCom.Id007122.A,Cn.Com.U16.Pattern,CnCom.Id007122.A,U16,Pattern,Id007122,Cn.Com
340,Cn.Com.U16.Pattern@CnCom.Id007122.B,Cn.Com.U16.Pattern,CnCom.Id007122.B,U16,Pattern,Id007122,Cn.Com
341,Cn.Com.U16.Pattern@CnCom.Id007122.C,Cn.Com.U16.Pattern,CnCom.Id007122.C,U16,Pattern,Id007122,Cn.Com
342,Cn.Com.U16.Pattern@CnCom.Id007122.M,Cn.Com.U16.Pattern,CnCom.Id007122.M,U16,Pattern,Id007122,Cn.Com
343,Cn.Com.U16.Pattern@CnCom.Id007123.A,Cn.Com.U16.Pattern,CnCom.Id007123.A,U16,Pattern,Id007123,Cn.Com
344,Cn.Com.U16.Pattern@CnCom.Id007123.B,Cn.Com.U16.Pattern,CnCom.Id007123.B,U16,Pattern,Id007123,Cn.Com
345,Cn.Com.U16.Pattern@CnCom.Id007123.C,Cn.Com.U16.Pattern,CnCom.Id007123.C,U16,Pattern,Id007123,Cn.Com
346,Cn.Com.U16.Pattern@CnCom.Id007123.M,Cn.Com.U16.Pattern,CnCom.Id007123.M,U16,Pattern,Id007123,Cn.Com
347,Cn.Com.U16.Pattern@CnCom.Id007123.M_A,Cn.Com.U16.Pattern,CnCom.Id007123.M_A,U16,Pattern,Id007123,Cn.Com
348,Cn.Com.U16.Pattern@CnCom.Id007123.M_B,Cn.Com.U16.Pattern,CnCom.Id007123.M_B,U16,Pattern,Id007123,Cn.Com
349,Cn.Com.U16.Pattern@CnCom.Id007123.M_C,Cn.Com.U16.Pattern,CnCom.Id007123.M_C,U16,Pattern,Id007123,Cn.Com
350,Cn.Com.U16.Pattern@CnCom.Id007123.M_M,Cn.Com.U16.Pattern,CnCom.Id007123.M_M,U16,Pattern,Id007123,Cn.Com
351,Cn.Com.U16.Pattern@CnCom.Id007124.A,Cn.Com.U16.Pattern,CnCom.Id007124.A,U16,Pattern,Id007124,Cn.Com
352,Cn.Com.U16.Pattern@CnCom.Id007124.B,Cn.Com.U16.Pattern,CnCom.Id007124.B,U16,Pattern,Id007124,Cn.Com
353,Cn.Com.U16.Pattern@CnCom.Id007124.C,Cn.Com.U16.Pattern,CnCom.Id007124.C,U16,Pattern,Id007124,Cn.Com
354,Cn.Com.U16.Pattern@CnCom.Id007124.M,Cn.Com.U16.Pattern,CnCom.Id007124.M,U16,Pattern,Id007124,Cn.Com
355,Cn.Com.U17.CPA@CnCom.Id107207.7946A,Cn.Com.U17.CPA,CnCom.Id107207.7946A,U17,CPA,Id107207,Cn.Com
356,Cn.Com.U17.CPA@CnCom.Id107207.7946B,Cn.Com.U17.CPA,CnCom.Id107207.7946B,U17,CPA,Id107207,Cn.Com
357,Cn.Com.U17.CPA@CnCom.Id107207.7946C,Cn.Com.U17.CPA,CnCom.Id107207.7946C,U17,CPA,Id107207,Cn.Com
358,Cn.Com.U17.CPA@CnCom.Id107207.7946S,Cn.Com.U17.CPA,CnCom.Id107207.7946S,U17,CPA,Id107207,Cn.Com
359,Cn.Com.U17.CPA@CnCom.Id107207.AgricultureD,Cn.Com.U17.CPA,CnCom.Id107207.AgricultureD,U17,CPA,Id107207,Cn.Com
360,Cn.Com.U17.CPA@CnCom.Id107207.BlackC,Cn.Com.U17.CPA,CnCom.Id107207.BlackC,U17,CPA,Id107207,Cn.Com
361,Cn.Com.U17.CPA@CnCom.Id107207.ChemicalC,Cn.Com.U17.CPA,CnCom.Id107207.ChemicalC,U17,CPA,Id107207,Cn.Com
362,Cn.Com.U17.CPA@CnCom.Id107207.SQC,Cn.Com.U17.CPA,CnCom.Id107207.SQC,U17,CPA,Id107207,Cn.Com
363,Cn.Com.U18.CPA@CnCom.Id102009.M,Cn.Com.U18.CPA,CnCom.Id102009.M,U18,CPA,Id102009,Cn.Com
364,Cn.Com.U18.Pattern@CnCom.Id002033.01,Cn.Com.U18.Pattern,CnCom.Id002033.01,U18,Pattern,Id002033,Cn.Com
365,Cn.Com.U18.Pattern@CnCom.Id002033.02,Cn.Com.U18.Pattern,CnCom.Id002033.02,U18,Pattern,Id002033,Cn.Com
366,Cn.Com.U18.Pattern@CnCom.Id002033.06,Cn.Com.U18.Pattern,CnCom.Id002033.06,U18,Pattern,Id002033,Cn.Com
367,Cn.Com.U18.Pattern@CnCom.Id002033.07,Cn.Com.U18.Pattern,CnCom.Id002033.07,U18,Pattern,Id002033,Cn.Com
368,Cn.Com.U18.Pattern@CnCom.Id002033.08,Cn.Com.U18.Pattern,CnCom.Id002033.08,U18,Pattern,Id002033,Cn.Com
369,Cn.Com.U18.Pattern@CnCom.Id002033.09,Cn.Com.U18.Pattern,CnCom.Id002033.09,U18,Pattern,Id002033,Cn.Com
370,Cn.Com.U18.Pattern@CnCom.Id002033.13,Cn.Com.U18.Pattern,CnCom.Id002033.13,U18,Pattern,Id002033,Cn.Com
371,Cn.Com.U18.Pattern@CnCom.Id002033.14,Cn.Com.U18.Pattern,CnCom.Id002033.14,U18,Pattern,Id002033,Cn.Com
372,Cn.Com.U18.Pattern@CnCom.Id002033.15,Cn.Com.U18.Pattern,CnCom.Id002033.15,U18,Pattern,Id002033,Cn.Com
373,Cn.Com.U18.Pattern@CnCom.Id002033.16,Cn.Com.U18.Pattern,CnCom.Id002033.16,U18,Pattern,Id002033,Cn.Com
374,Cn.Com.U18.Pattern@CnCom.Id002033.18,Cn.Com.U18.Pattern,CnCom.Id002033.18,U18,Pattern,Id002033,Cn.Com
375,Cn.Com.U18.Pattern@CnCom.Id002033.20,Cn.Com.U18.Pattern,CnCom.Id002033.20,U18,Pattern,Id002033,Cn.Com
376,Cn.Com.U18.Pattern@CnCom.Id002033.23,Cn.Com.U18.Pattern,CnCom.Id002033.23,U18,Pattern,Id002033,Cn.Com
377,Cn.Com.U18.Pattern@CnCom.Id002033.28,Cn.Com.U18.Pattern,CnCom.Id002033.28,U18,Pattern,Id002033,Cn.Com
378,Cn.Com.U18.Pattern@CnCom.Id002033.30,Cn.Com.U18.Pattern,CnCom.Id002033.30,U18,Pattern,Id002033,Cn.Com
379,Cn.Com.U18.Pattern@CnCom.Id002033.35,Cn.Com.U18.Pattern,CnCom.Id002033.35,U18,Pattern,Id002033,Cn.Com
380,Cn.Com.U18.Pattern@CnCom.Id002033.AllInOne,Cn.Com.U18.Pattern,CnCom.Id002033.AllInOne,U18,Pattern,Id002033,Cn.Com
381,Cn.Com.U19.CPA@CnCom.Id107208.COT9,Cn.Com.U19.CPA,CnCom.Id107208.COT9,U19,CPA,Id107208,Cn.Com
382,Cn.Com.U20.CPA@CnCom.Id107222.IEA,Cn.Com.U20.CPA,CnCom.Id107222.IEA,U20,CPA,Id107222,Cn.Com
383,Cn.Com.U20.CPA@CnCom.Id107222.IEB,Cn.Com.U20.CPA,CnCom.Id107222.IEB,U20,CPA,Id107222,Cn.Com
384,Cn.Com.U20.CPA@CnCom.Id107222.IEC,Cn.Com.U20.CPA,CnCom.Id107222.IEC,U20,CPA,Id107222,Cn.Com
385,Cn.Com.U20.CPA@CnCom.Id107222.IES,Cn.Com.U20.CPA,CnCom.Id107222.IES,U20,CPA,Id107222,Cn.Com
386,Cn.Com.U21.CPA@CnCom.Id107215.P_A,Cn.Com.U21.CPA,CnCom.Id107215.P_A,U21,CPA,Id107215,Cn.Com
387,Cn.Com.U21.CPA@CnCom.Id107215.P_B,Cn.Com.U21.CPA,CnCom.Id107215.P_B,U21,CPA,Id107215,Cn.Com
388,Cn.Com.U21.CPA@CnCom.Id107215.P_C,Cn.Com.U21.CPA,CnCom.Id107215.P_C,U21,CPA,Id107215,Cn.Com
389,Cn.Com.U21.CPA@CnCom.Id107215.P_M,Cn.Com.U21.CPA,CnCom.Id107215.P_M,U21,CPA,Id107215,Cn.Com
390,Cn.Com.U21.CPA@CnCom.Id107215.T_A,Cn.Com.U21.CPA,CnCom.Id107215.T_A,U21,CPA,Id107215,Cn.Com
391,Cn.Com.U21.CPA@CnCom.Id107215.T_B,Cn.Com.U21.CPA,CnCom.Id107215.T_B,U21,CPA,Id107215,Cn.Com
392,Cn.Com.U21.CPA@CnCom.Id107215.T_C,Cn.Com.U21.CPA,CnCom.Id107215.T_C,U21,CPA,Id107215,Cn.Com
393,Cn.Com.U21.CPA@CnCom.Id107215.T_M,Cn.Com.U21.CPA,CnCom.Id107215.T_M,U21,CPA,Id107215,Cn.Com
394,Cn.Com.U22.CPA@CnCom.Id102011.TP,Cn.Com.U22.CPA,CnCom.Id102011.TP,U22,CPA,Id102011,Cn.Com
395,Cn.Com.U22.CPA@CnCom.Id107215.APA2,Cn.Com.U22.CPA,CnCom.Id107215.APA2,U22,CPA,Id107215,Cn.Com
396,Cn.Com.U22.CPA@CnCom.Id107215.APB2,Cn.Com.U22.CPA,CnCom.Id107215.APB2,U22,CPA,Id107215,Cn.Com
397,Cn.Com.U22.CPA@CnCom.Id107215.APC2,Cn.Com.U22.CPA,CnCom.Id107215.APC2,U22,CPA,Id107215,Cn.Com
398,Cn.Com.U22.CPA@CnCom.Id107215.APD2,Cn.Com.U22.CPA,CnCom.Id107215.APD2,U22,CPA,Id107215,Cn.Com
399,Cn.Com.U22.CPA@CnCom.Id107215.ATA2,Cn.Com.U22.CPA,CnCom.Id107215.ATA2,U22,CPA,Id107215,Cn.Com
400,Cn.Com.U22.CPA@CnCom.Id107215.ATB2,Cn.Com.U22.CPA,CnCom.Id107215.ATB2,U22,CPA,Id107215,Cn.Com
401,Cn.Com.U22.CPA@CnCom.Id107215.ATC2,Cn.Com.U22.CPA,CnCom.Id107215.ATC2,U22,CPA,Id107215,Cn.Com
402,Cn.Com.U22.CPA@CnCom.Id107215.ATD2,Cn.Com.U22.CPA,CnCom.Id107215.ATD2,U22,CPA,Id107215,Cn.Com
403,Cn.Com.U22.CPA@CnCom.Id107215.BPX2,Cn.Com.U22.CPA,CnCom.Id107215.BPX2,U22,CPA,Id107215,Cn.Com
404,Cn.Com.U22.CPA@CnCom.Id107215.BTX2,Cn.Com.U22.CPA,CnCom.Id107215.BTX2,U22,CPA,Id107215,Cn.Com
405,Cn.Com.U22.CPA@CnCom.Id107215.CPX2,Cn.Com.U22.CPA,CnCom.Id107215.CPX2,U22,CPA,Id107215,Cn.Com
406,Cn.Com.U22.CPA@CnCom.Id107215.CTX2,Cn.Com.U22.CPA,CnCom.Id107215.CTX2,U22,CPA,Id107215,Cn.Com
407,Cn.Com.U22.CPA@CnCom.Id107215.MPX2,Cn.Com.U22.CPA,CnCom.Id107215.MPX2,U22,CPA,Id107215,Cn.Com
408,Cn.Com.U22.CPA@CnCom.Id107215.MTX2,Cn.Com.U22.CPA,CnCom.Id107215.MTX2,U22,CPA,Id107215,Cn.Com
409,Cn.Com.U22.Pattern@CnCom.Id002032.TP,Cn.Com.U22.Pattern,CnCom.Id002032.TP,U22,Pattern,Id002032,Cn.Com
410,Cn.Com.U24.CPA@CnCom.Id107215.PV_A,Cn.Com.U24.CPA,CnCom.Id107215.PV_A,U24,CPA,Id107215,Cn.Com
411,Cn.Com.U24.CPA@CnCom.Id107215.PV_B,Cn.Com.U24.CPA,CnCom.Id107215.PV_B,U24,CPA,Id107215,Cn.Com
412,Cn.Com.U24.CPA@CnCom.Id107215.PV_C,Cn.Com.U24.CPA,CnCom.Id107215.PV_C,U24,CPA,Id107215,Cn.Com
413,Cn.Com.U24.CPA@CnCom.Id107215.PV_M,Cn.Com.U24.CPA,CnCom.Id107215.PV_M,U24,CPA,Id107215,Cn.Com
414,Cn.Com.U25.CPA@CnCom.Id107215.CIP_A,Cn.Com.U25.CPA,CnCom.Id107215.CIP_A,U25,CPA,Id107215,Cn.Com
415,Cn.Com.U25.CPA@CnCom.Id107215.CIP_B,Cn.Com.U25.CPA,CnCom.Id107215.CIP_B,U25,CPA,Id107215,Cn.Com
416,Cn.Com.U25.CPA@CnCom.Id107215.CIP_C,Cn.Com.U25.CPA,CnCom.Id107215.CIP_C,U25,CPA,Id107215,Cn.Com
417,Cn.Com.U25.CPA@CnCom.Id107215.CIP_M,Cn.Com.U25.CPA,CnCom.Id107215.CIP_M,U25,CPA,Id107215,Cn.Com
418,Cn.Com.U25.CPA@CnCom.Id107220.PMC_A,Cn.Com.U25.CPA,CnCom.Id107220.PMC_A,U25,CPA,Id107220,Cn.Com
419,Cn.Com.U25.CPA@CnCom.Id107220.PMC_B,Cn.Com.U25.CPA,CnCom.Id107220.PMC_B,U25,CPA,Id107220,Cn.Com
420,Cn.Com.U25.CPA@CnCom.Id107220.PMC_C,Cn.Com.U25.CPA,CnCom.Id107220.PMC_C,U25,CPA,Id107220,Cn.Com
421,Cn.Com.U25.CPA@CnCom.Id107220.PMC_M,Cn.Com.U25.CPA,CnCom.Id107220.PMC_M,U25,CPA,Id107220,Cn.Com
422,Cn.Csi.60B.PairX(MFA)@CnCsi.Id807035.IhIfIcV5,Cn.Csi.60B.PairX(MFA),CnCsi.Id807035.IhIfIcV5,60B,PairX(MFA),Id807035,Cn.Csi
423,Cn.Csi.60B.Pattern@CSI.Id007969.S0Intra,Cn.Csi.60B.Pattern,CSI.Id007969.S0Intra,60B,Pattern,Id007969,Cn.Csi
424,CnCom.Id002031.A,Cn.Com.U16.Pattern,CnCom.Id002031.A,U16,Pattern,Id002031,Cn.Com
425,CnCom.Id002031.M,Cn.Com.U16.Pattern,CnCom.Id002031.M,U16,Pattern,Id002031,Cn.Com
426,CnCom.Id102007.A01,Cn.Com.U16.CPA,CnCom.Id102007.A01,U16,CPA,Id102007,Cn.Com
427,CnCom.Id102007.A02,Cn.Com.U16.CPA,CnCom.Id102007.A02,U16,CPA,Id102007,Cn.Com
428,CnCom.Id102007.A05,Cn.Com.U16.CPA,CnCom.Id102007.A05,U16,CPA,Id102007,Cn.Com
429,CnCom.Id102007.A06,Cn.Com.U16.CPA,CnCom.Id102007.A06,U16,CPA,Id102007,Cn.Com
430,CnCom.Id102007.A07,Cn.Com.U16.CPA,CnCom.Id102007.A07,U16,CPA,Id102007,Cn.Com
431,CnCom.Id102007.A08,Cn.Com.U16.CPA,CnCom.Id102007.A08,U16,CPA,Id102007,Cn.Com
432,CnCom.Id102007.A09,Cn.Com.U16.CPA,CnCom.Id102007.A09,U16,CPA,Id102007,Cn.Com
433,CnCom.Id102007.A13,Cn.Com.U16.CPA,CnCom.Id102007.A13,U16,CPA,Id102007,Cn.Com
434,CnCom.Id102007.M,Cn.Com.U16.CPA,CnCom.Id102007.M,U16,CPA,Id102007,Cn.Com
435,Global.BMX.60B.PairX(MFA)@BMX.Id807012.BmxBnXxxL1,Global.BMX.60B.PairX(MFA),BMX.Id807012.BmxBnXxxL1,60B,PairX(MFA),Id807012,Global.BMX
436,Global.BMX.60B.PairX(MFA)@BMX.Id807012.BmxUsdSL1,Global.BMX.60B.PairX(MFA),BMX.Id807012.BmxUsdSL1,60B,PairX(MFA),Id807012,Global.BMX
437,Global.BMX.60B.PairX(MFA)@BMX.Id807012.BmxXBnL1,Global.BMX.60B.PairX(MFA),BMX.Id807012.BmxXBnL1,60B,PairX(MFA),Id807012,Global.BMX
438,Global.BMX.60B.PairX(MFA)@BMX.Id807012.FUsd3V7L1,Global.BMX.60B.PairX(MFA),BMX.Id807012.FUsd3V7L1,60B,PairX(MFA),Id807012,Global.BMX
439,Global.BMX.60B.PairX(MFA)@BMX.Id807012.MFA,Global.BMX.60B.PairX(MFA),BMX.Id807012.MFA,60B,PairX(MFA),Id807012,Global.BMX
440,Global.BMX.60B.PairX(MFA)@BMX.Id807012.MFA_XxxBtc,Global.BMX.60B.PairX(MFA),BMX.Id807012.MFA_XxxBtc,60B,PairX(MFA),Id807012,Global.BMX
441,Global.BMX.60B.PairX(MFA)@BMX.Id807012.UsdBtc3V11,Global.BMX.60B.PairX(MFA),BMX.Id807012.UsdBtc3V11,60B,PairX(MFA),Id807012,Global.BMX
442,Global.BMX.60B.PairX(MFA)@BMX.Id807012.UsdId30MSL1,Global.BMX.60B.PairX(MFA),BMX.Id807012.UsdId30MSL1,60B,PairX(MFA),Id807012,Global.BMX
443,Global.BMX.60B.PairX(MFA)@BMX.Id807012.UsdId30SSL1,Global.BMX.60B.PairX(MFA),BMX.Id807012.UsdId30SSL1,60B,PairX(MFA),Id807012,Global.BMX
444,Global.BMX.60B.PairX(MFA)@BMX.Id807012.UsdIdxSL1,Global.BMX.60B.PairX(MFA),BMX.Id807012.UsdIdxSL1,60B,PairX(MFA),Id807012,Global.BMX
445,Global.BMX.60B.PairX(MFA)@BMX.Id807012.XetVsBnSL1,Global.BMX.60B.PairX(MFA),BMX.Id807012.XetVsBnSL1,60B,PairX(MFA),Id807012,Global.BMX
446,Global.BMX.60B.PairX(MFA)@BMX.Id807012.XxxBtc_L1,Global.BMX.60B.PairX(MFA),BMX.Id807012.XxxBtc_L1,60B,PairX(MFA),Id807012,Global.BMX
447,Global.BMX.60B.PairX(MFA)@BMX.Id807045.BmxBnXxxL1,Global.BMX.60B.PairX(MFA),BMX.Id807045.BmxBnXxxL1,60B,PairX(MFA),Id807045,Global.BMX
448,Global.BMX.60B.PairX(MFA)@BMX.Id807045.BmxBnXxxUL1,Global.BMX.60B.PairX(MFA),BMX.Id807045.BmxBnXxxUL1,60B,PairX(MFA),Id807045,Global.BMX
449,Global.BMX.60B.PairX(MFA)@BMX.Id807045.BmxUsdE0UL1,Global.BMX.60B.PairX(MFA),BMX.Id807045.BmxUsdE0UL1,60B,PairX(MFA),Id807045,Global.BMX
450,Global.BMX.60B.PairX(MFA)@BMX.Id807045.BmxUsdUL1,Global.BMX.60B.PairX(MFA),BMX.Id807045.BmxUsdUL1,60B,PairX(MFA),Id807045,Global.BMX
451,Global.BMX.60B.PairX(MFA)@BMX.Id807045.BmxXBnV9L1,Global.BMX.60B.PairX(MFA),BMX.Id807045.BmxXBnV9L1,60B,PairX(MFA),Id807045,Global.BMX
452,Global.BMX.60B.PairX(MFA)@BMX.Id807045.UsdBtc_L1,Global.BMX.60B.PairX(MFA),BMX.Id807045.UsdBtc_L1,60B,PairX(MFA),Id807045,Global.BMX
453,Global.BMX.60B.PairX(MFA)@BMX.Id807045.UsdId30MUL1,Global.BMX.60B.PairX(MFA),BMX.Id807045.UsdId30MUL1,60B,PairX(MFA),Id807045,Global.BMX
454,Global.BMX.60B.PairX(MFA)@BMX.Id807045.UsdId30SUL1,Global.BMX.60B.PairX(MFA),BMX.Id807045.UsdId30SUL1,60B,PairX(MFA),Id807045,Global.BMX
455,Global.BMX.60B.PairX(MFA)@BMX.Id807045.UsdIdxUL1,Global.BMX.60B.PairX(MFA),BMX.Id807045.UsdIdxUL1,60B,PairX(MFA),Id807045,Global.BMX
456,Global.BMX.60B.PairX(MFA)@BMX.Id807045.XxxBtc_L1,Global.BMX.60B.PairX(MFA),BMX.Id807045.XxxBtc_L1,60B,PairX(MFA),Id807045,Global.BMX
457,Global.BMX.60B.Pattern@BMX.Id007929.T2N,Global.BMX.60B.Pattern,BMX.Id007929.T2N,60B,Pattern,Id007929,Global.BMX
458,Global.BMX.60B.Pattern@BMX.Id007929.T2N_C0,Global.BMX.60B.Pattern,BMX.Id007929.T2N_C0,60B,Pattern,Id007929,Global.BMX
459,Global.BMX.60B.Pattern@BMX.Id007929.T2N_XxxBtc,Global.BMX.60B.Pattern,BMX.Id007929.T2N_XxxBtc,60B,Pattern,Id007929,Global.BMX
460,Global.BMX.60B.Pattern@BMX.Id007929.T2N_XxxC0_2,Global.BMX.60B.Pattern,BMX.Id007929.T2N_XxxC0_2,60B,Pattern,Id007929,Global.BMX
461,Global.BMX.60B.Pattern@BMX.Id007969.BtcEth,Global.BMX.60B.Pattern,BMX.Id007969.BtcEth,60B,Pattern,Id007969,Global.BMX
462,Global.BN.60B.PairX(MFA)@BN.Id807045.BnBnXxxL1P2,Global.BN.60B.PairX(MFA),BN.Id807045.BnBnXxxL1P2,60B,PairX(MFA),Id807045,Global.BN
463,Global.BN.60B.PairX(MFA)@BN.Id807045.BnBnXxxV9L1,Global.BN.60B.PairX(MFA),BN.Id807045.BnBnXxxV9L1,60B,PairX(MFA),Id807045,Global.BN
464,Global.BN.60B.PairX(MFA)@BN.Id807045.BnUsdtV8AllL1,Global.BN.60B.PairX(MFA),BN.Id807045.BnUsdtV8AllL1,60B,PairX(MFA),Id807045,Global.BN
465,Global.BN.60B.PairX(MFA)@BN.Id807045.BnXBnV11L1P1,Global.BN.60B.PairX(MFA),BN.Id807045.BnXBnV11L1P1,60B,PairX(MFA),Id807045,Global.BN
466,Global.BN.60B.PairX(MFA)@BN.Id807045.BnXBnV11L1P2,Global.BN.60B.PairX(MFA),BN.Id807045.BnXBnV11L1P2,60B,PairX(MFA),Id807045,Global.BN
467,Global.BN.60B.Pattern@BN.Id007929.T2N_LongOnly,Global.BN.60B.Pattern,BN.Id007929.T2N_LongOnly,60B,Pattern,Id007929,Global.BN
468,Global.OK.60B.PairX(MFA)@OK.Id807012.OkExUsdSL1,Global.OK.60B.PairX(MFA),OK.Id807012.OkExUsdSL1,60B,PairX(MFA),Id807012,Global.OK
469,Global.OK.60B.PairX(MFA)@OK.Id807012.OkExUsdXSL1,Global.OK.60B.PairX(MFA),OK.Id807012.OkExUsdXSL1,60B,PairX(MFA),Id807012,Global.OK
470,NuoYouMix300,Cn.Stocks.D.Alpha(NoHedging),CnStocks.X.NuoYou_Mix300_NoHedging,D,Alpha(NoHedging),X.NuoYou_Mix300_NoHedging,Cn.Stocks
471,NuoYouMix300VsIndex,Cn.Stocks.D.Alpha(VsIndex),CnStocks.X.NuoYou_Mix300_VsIndex,D,Alpha(VsIndex),X.NuoYou_Mix300_VsIndex,Cn.Stocks
472,ZhangMix,Cn.Stocks.D.Alpha(NoHedging),CnStocks.X.Zhang_Mix_NoHedging,D,Alpha(NoHedging),X.Zhang_Mix_NoHedging,Cn.Stocks
473,ZhangMixVsIndex,Cn.Stocks.D.Alpha(VsIndex),CnStocks.X.Zhang_Mix_VsIndex,D,Alpha(VsIndex),X.Zhang_Mix_VsIndex,Cn.Stocks
474,ZhengFan120,Cn.Stocks.D.Alpha(NoHedging),CnStocks.X.ZF_120_NoHedging,D,Alpha(NoHedging),X.ZF_120_NoHedging,Cn.Stocks
475,ZhengFan30,Cn.Stocks.D.Alpha(NoHedging),CnStocks.X.ZF_30_NoHedging,D,Alpha(NoHedging),X.ZF_30_NoHedging,Cn.Stocks
476,ZhengMix500,Cn.Stocks.D.Alpha(NoHedging),CnStocks.X.Zheng_Mix500_NoHedging,D,Alpha(NoHedging),X.Zheng_Mix500_NoHedging,Cn.Stocks
477,ZhengMix500VsIndex,Cn.Stocks.D.Alpha(VsIndex),CnStocks.X.Zheng_Mix500_VsIndex,D,Alpha(VsIndex),X.Zheng_Mix500_VsIndex,Cn.Stocks
